0_9.jpg,"[['FRESH', 347, 202, 736, 297], ['PRODUCE', 361, 294, 676, 336], ['na', 790, 599, 846, 621], ['2L', 996, 593, 1013, 614], ['OBP', 493, 654, 530, 673], ['BBG', 523, 728, 561, 748], ['MICHI', 602, 758, 665, 777], ['9DE', 595, 777, 666, 812], ['00a', 237, 826, 271, 842], ['SVES', 261, 847, 313, 870], ['FRESII', 502, 821, 569, 840]]"
0_18.jpg,"[['ADOPT', 294, 192, 676, 317], ['DOT', 354, 322, 478, 374], ['SHOP', 494, 326, 628, 373], ['GIVE', 169, 513, 239, 544], ['SHEER', 153, 549, 244, 578], ['ASTIPSE', 148, 585, 251, 611], ['DOP', 809, 512, 870, 544], ['YOUR', 813, 548, 888, 579], ['LOVE', 808, 583, 879, 613], ['Cet', 412, 602, 501, 624], ['ah', 511, 601, 571, 624]]"
0_24.jpg,"[['No', 158, 143, 266, 227], ['LIFEGUAARD', 94, 216, 322, 277], ['ON', 119, 273, 183, 324], ['DUTY', 199, 281, 298, 327], ['ON', 131, 328, 190, 374], ['DUTY', 200, 333, 298, 375], ['Loita', 259, 378, 314, 393]]"
0_30.jpg,"[['ZOZO', 147, 471, 213, 497], ['IN', 215, 469, 245, 497], ['THE', 244, 470, 293, 498], ['ZOO', 293, 472, 344, 496], ['LDASITE', 306, 564, 354, 576], ['MG', 68, 609, 123, 624], ['FEEDING', 521, 594, 699, 633], ['TIME', 542, 642, 650, 686], ['@t', 478, 694, 545, 750], ['PM', 605, 690, 692, 741]]"
0_31.jpg,"[['BAAKERY,', 74, 157, 928, 310], ['fumemade', 91, 415, 315, 500], ['omerade', 707, 412, 917, 488], ['De', 497, 515, 536, 547], ['045', 493, 551, 542, 579], ['sain', 492, 634, 538, 646], ['mppnE', 491, 643, 538, 654], ['min', 505, 659, 525, 671], ['mE', 699, 652, 742, 667], ['3o', 700, 664, 739, 688], ['Eag', 697, 687, 742, 703], ['ALID', 800, 659, 837, 675], ['(uEvmmy.', 792, 687, 842, 702], ['SLAE', 472, 729, 522, 752], ['BEDY', 521, 732, 556, 752], ['BKE', 695, 756, 748, 799], ['UPYE', 740, 760, 795, 802], ['PIES', 690, 815, 780, 867], ['02-30', 678, 878, 763, 911]]"
0_25.jpg,"[['OUT', 873, 276, 1020, 366], ['srn', 111, 367, 153, 382], ['aiss', 166, 367, 205, 382], ['OF', 867, 372, 921, 422], ['ORDE', 936, 373, 1024, 420], ['PESTROOOM', 87, 432, 312, 478], ['Ma', 163, 545, 189, 558], ['oita', 190, 544, 216, 556], ['naus', 213, 540, 248, 555]]"
0_19.jpg,"[['NOW', 365, 619, 457, 669], ['SHOWING:', 471, 624, 631, 663], ['BLOCKBUSTER', 345, 674, 552, 710], ['MOVIE', 563, 674, 660, 712], ['GE', 452, 775, 476, 793], ['AOTRY', 475, 775, 544, 793], ['PAPINVIL', 204, 797, 257, 809], ['BIEENE', 737, 795, 806, 817], ['MAIENEI', 368, 839, 401, 851], ['MnEg', 366, 861, 403, 876], ['Ai', 836, 923, 860, 935], ['17', 865, 923, 888, 935]]"
0_8.jpg,"[['SILENCE', 408, 304, 621, 385], ['PLEASE.', 427, 399, 606, 465], ['Enm', 323, 946, 364, 966]]"
0_33.jpg,"[['CAINELSANIG', 251, 125, 768, 181], ['IPA', 339, 204, 382, 223], ['YEAR-END', 433, 253, 541, 271], ['CLEARANCE', 546, 253, 665, 271], ['SALE', 438, 286, 662, 347], ['EFFO', 966, 407, 1022, 425], ['696', 967, 418, 1024, 449], ['SALE', 4, 409, 131, 449], ['SALE', 697, 410, 816, 447], ['cafo', 164, 477, 202, 492], ['AA', 170, 488, 195, 504], ['ona', 834, 477, 867, 492], ['50', 837, 488, 862, 504], ['Lu', 24, 604, 48, 617], ['B925', 800, 608, 825, 621]]"
0_27.jpg,"[['SAVE', 772, 30, 860, 73], ['SUPS', 578, 52, 696, 118], ['ABLEST', 221, 126, 411, 217], ['SAVE', 561, 681, 840, 782], ['FORESTS', 586, 808, 847, 865]]"
0_26.jpg,"[['HELMERS', 332, 468, 681, 549], ['REQUIRED', 460, 560, 777, 619]]"
0_32.jpg,"[['WALKINS', 37, 42, 592, 273], ['WELGOME', 130, 223, 511, 318], ['BARBERSHO', 718, 216, 1024, 280]]"
0_36.jpg,"[['ICE', 326, 162, 433, 202], ['CREAM', 446, 165, 659, 200], ['BUY', 325, 239, 490, 305], ['ONE', 521, 242, 687, 301], ['JURS', 278, 338, 345, 368], ['GET', 356, 337, 454, 378], ['1+', 456, 334, 517, 380], ['FREE', 521, 337, 646, 377], ['FIBY', 689, 343, 737, 363], ['FREE', 466, 526, 544, 555], ['OlCT', 489, 570, 528, 586], ['orpr', 489, 584, 527, 600], ['ÇA', 182, 551, 218, 572], ['EN093', 268, 550, 312, 573], ['EMGIA', 711, 552, 753, 572], ['BEA', 799, 550, 839, 574], [""BuI'"", 39, 803, 88, 831], ['GN', 57, 847, 91, 865], ['an', 55, 863, 93, 887], ['SOMY', 923, 802, 983, 828], ['1,90', 911, 867, 973, 908]]"
0_22.jpg,"[['EXUBIRIVW', 319, 124, 715, 169], ['MOSEVILE', 347, 377, 471, 395], ['NNeDIL', 487, 378, 546, 393], ['0a81ca10', 582, 375, 669, 397], ['DIESTAT', 230, 469, 294, 487], ['atmnna', 231, 530, 291, 542], ['EXHIBITION', 191, 717, 308, 746], ['OPENING', 205, 745, 292, 774], ['TOMORROW', 185, 769, 301, 798]]"
0_23.jpg,"[['Am', 477, 293, 517, 308], ['TOWN', 431, 373, 500, 392], ['HOLL', 506, 371, 572, 393], ['PUBLIC', 356, 456, 470, 489], ['MEETING', 483, 456, 617, 488], ['TONIGHT', 428, 495, 560, 528], ['AAVA', 452, 626, 545, 655], ['AGDIIN', 351, 647, 405, 665], ['AEAN', 591, 648, 643, 665], ['6TOP)', 4, 742, 68, 772], ['ACTTT', 936, 743, 986, 758], ['DEmITTT', 937, 757, 986, 772]]"
0_37.jpg,"[['50%', 162, 119, 334, 236], ['OFF', 162, 209, 220, 246], ['OF', 217, 216, 260, 253], ['ITEMS', 252, 221, 333, 260], ['509,01530', 197, 251, 305, 288], ['Sow', 182, 279, 220, 300], ['Blo', 216, 284, 246, 305], ['D0', 240, 286, 283, 310], ['OuG)', 275, 291, 317, 315], ['EE', 474, 764, 524, 803], ['ay', 539, 809, 561, 822]]"
0_21.jpg,"[['SUNDAV', 145, 814, 246, 869], ['SERVICE', 160, 857, 248, 898], ['ATAM', 174, 893, 234, 925], ['CHUREH', 760, 833, 860, 863], ['SHUNSCOM', 745, 864, 857, 889]]"
0_35.jpg,"[['SPRAICER', 633, 82, 759, 128], ['FLERGET', 639, 125, 753, 165], ['QIUD', 705, 169, 754, 193], ['PAmg', 8, 153, 82, 187], ['Mo', 127, 147, 157, 168], ['CLIS', 103, 167, 161, 194], ['TRnsl', 66, 284, 123, 306], ['ER', 0, 300, 54, 369], ['ACH', 0, 356, 64, 396], ['RNTENA', 0, 385, 63, 411], ['Ao', 3, 402, 69, 455], ['9000', 0, 438, 82, 491], ['ORGANIC', 318, 277, 976, 399], ['IR', 184, 384, 219, 410], ['PRAD', 286, 353, 762, 642], ['CCE', 728, 399, 999, 602], ['MOLAIKL', 423, 588, 562, 661], ['FATEMERNS/BMINEKIS', 715, 599, 1002, 652], ['FUNENIS', 330, 612, 435, 674], ['RRERIEREUI', 340, 669, 461, 713], ['VCOIE', 806, 655, 888, 689], ['BAL', 882, 658, 918, 684], ['PAEDOLSS', 918, 659, 1002, 688]]"
0_34.jpg,"[['uurp', 827, 343, 875, 355], ['BeeP3', 802, 354, 847, 373], ['hob', 844, 354, 876, 370], ['haa', 818, 378, 839, 387], ['evane', 838, 376, 875, 387], ['vous', 803, 385, 836, 396], ['Dend', 798, 398, 829, 414], ['D4)', 826, 399, 851, 412], ['haia', 845, 398, 879, 413], ['nueas', 819, 412, 859, 423], ['BBOAE', 592, 353, 641, 368], ['40', 563, 370, 587, 386], ['a/m', 591, 369, 641, 384], ['Enanmn', 581, 386, 638, 397], ['hasaais', 581, 394, 629, 405], ['an', 574, 450, 624, 470], ['Dnnr', 667, 451, 696, 463], ['hat', 430, 494, 507, 542], ['Hard', 300, 495, 424, 555], ['Area', 351, 550, 468, 606]]"
0_20.jpg,"[['Bang', 790, 153, 916, 227], ['SAA96', 809, 281, 855, 312], ['SECAIS', 820, 250, 993, 362], ['DAILY', 752, 308, 836, 364], ['do', 69, 688, 98, 716], ['LSSAAYCNN', 98, 691, 157, 714], ['2)', 156, 687, 186, 713], ['(EA', 73, 711, 96, 724], ['AI2RAAIT', 108, 720, 155, 732], ['EM', 117, 709, 156, 724], ['00B', 160, 708, 186, 724], ['GUI', 164, 720, 186, 733], ['8D', 77, 733, 98, 751], ['Caiapas', 108, 728, 157, 743], ['(0', 167, 730, 188, 748], ['98.', 76, 749, 103, 773], ['BAInIGIN', 104, 745, 166, 767], ['94', 168, 747, 188, 768], ['83.', 79, 772, 109, 799], ['WDA', 110, 774, 167, 793], ['5B:', 83, 797, 112, 820], ['OGO)', 112, 795, 167, 813], ['E).', 171, 789, 196, 812], ['LAQIAD', 116, 806, 171, 829], ['83', 86, 818, 114, 846], ['01', 119, 822, 140, 839], ['GATIRIE', 123, 832, 170, 848], ['CAUA', 134, 822, 171, 838], ['bnin', 127, 847, 167, 862]]"
0_47.jpg,"[['COSMIC', 366, 133, 665, 189], ['BOWLINGIONGGHT', 114, 187, 933, 276], ['DATIE', 72, 461, 115, 480], ['GOER', 396, 616, 441, 631], ['GAR', 653, 617, 695, 632], ['Aal', 693, 642, 720, 655], ['CIT', 296, 623, 326, 639], ['an', 328, 624, 350, 639], ['EA', 398, 626, 440, 638], ['00', 440, 625, 463, 638], ['14E0', 484, 627, 535, 639], ['Fat', 561, 624, 593, 639], ['Ra', 592, 627, 623, 639], ['uaxa', 657, 627, 694, 639], ['00', 702, 626, 724, 639], ['OtFE', 759, 626, 800, 641], ['RF', 300, 707, 323, 720], ['PQ', 441, 707, 463, 719]]"
0_53.jpg,"[['T3', 421, 300, 444, 313], ['Incoto', 783, 691, 840, 713], ['UGAbar', 777, 709, 838, 735], ['RAhai', 772, 735, 832, 766], ['BOOK', 487, 729, 585, 766], ['SALE', 486, 772, 585, 809], ['TODAY', 479, 837, 589, 874]]"
0_52.jpg,"[['LAUNDROMAI', 73, 126, 523, 202], ['WASH', 126, 215, 249, 248], ['AND', 270, 213, 364, 250], ['FOLD', 374, 213, 486, 250], ['SERVICE', 79, 255, 261, 287], ['AVAILABLE', 280, 257, 520, 288], ['CI', 14, 343, 50, 373], ['CIHCH', 452, 378, 532, 404], ['PARNICE', 437, 405, 543, 427], ['AADI', 461, 434, 524, 457], ['HE', 842, 419, 860, 428], ['AEINIET', 113, 669, 155, 693]]"
0_46.jpg,"[['+BOUKSOORE:', 259, 73, 759, 156], ['HIAMDIL', 95, 397, 167, 416], ['STAI', 96, 416, 150, 439], ['115H1', 867, 396, 930, 415], ['CMI', 880, 416, 927, 436], ['AUTHOR', 322, 445, 454, 482], ['SIGINING', 320, 494, 460, 530], ['JIVEE', 532, 519, 609, 553], ['EVENT', 536, 556, 615, 589], ['LE', 308, 781, 338, 801]]"
0_50.jpg,"[['FREE', 294, 359, 424, 403], ['TEETH', 304, 407, 406, 436], ['CLEANING', 279, 438, 428, 463], ['Dentist', 437, 707, 571, 747]]"
0_44.jpg,"[['EMEGENCY', 457, 548, 559, 569], ['SERVICES', 563, 548, 652, 567], ['6626', 230, 633, 337, 658], ['Gs', 166, 783, 199, 799], ['L4', 168, 801, 192, 813], ['DB', 714, 775, 756, 798], ['(26', 227, 869, 268, 900]]"
0_45.jpg,"[['Bagage', 242, 147, 552, 237], ['Claim', 567, 144, 799, 219], ['boxpa', 931, 614, 969, 630], ['liou', 967, 613, 995, 629]]"
0_51.jpg,"[['EW', 341, 314, 674, 466], ['MEMBER', 268, 447, 749, 567], ['SPECIAL', 234, 572, 779, 688]]"
0_55.jpg,"[['PHARMCY', 211, 98, 825, 271], ['SHOTS', 241, 707, 347, 771], ['AVAILABLE', 183, 858, 321, 886]]"
0_41.jpg,"[['EREASN', 85, 282, 181, 297], ['Patforme', 74, 329, 192, 351], ['NE', 208, 595, 234, 613], ['HH', 868, 593, 908, 613], ['#R', 843, 608, 869, 626], ['K:', 300, 621, 322, 633], ['39A', 142, 651, 203, 681], ['ma', 52, 678, 76, 691], ['na', 214, 683, 235, 692], ['B0', 867, 687, 891, 699]]"
0_40.jpg,"[['POSP', 449, 183, 585, 215], ['POST', 416, 305, 503, 338], ['OFICE', 510, 305, 610, 338], ['10HID!', 665, 531, 733, 549], ['un', 685, 522, 733, 533], ['OYa0010', 175, 635, 240, 653], ['(TF', 190, 651, 226, 672], ['MAIL', 709, 729, 782, 767], ['DROP', 711, 771, 785, 806], ['OFF', 724, 805, 778, 837], ['on', 177, 784, 202, 804], ['SOP', 204, 787, 241, 803]]"
0_54.jpg,"[['AI', 95, 119, 118, 143], ['SAB', 72, 138, 130, 180], ['COMBO', 64, 162, 138, 211], ['MANICURE', 133, 179, 398, 236], ['MANI', 513, 163, 650, 218], ['CURE', 672, 159, 812, 211], ['PEEDIDIC', 555, 222, 778, 271], ['COMBO', 169, 243, 343, 282]]"
0_42.jpg,"[['UNIVERSITY', 152, 637, 389, 668], ['StudenT', 181, 700, 354, 739], ['ORIENTATION', 147, 750, 398, 778], ['TODAY', 206, 789, 331, 821], ['IRPEP', 848, 711, 961, 740], ['SAPEM', 845, 785, 959, 814]]"
0_56.jpg,"[['NO', 451, 787, 559, 840], ['DIVING', 440, 850, 577, 882]]"
0_57.jpg,"[['TATT000', 259, 103, 811, 237], ['CUSTOM', 491, 455, 605, 492], ['IOINO', 786, 615, 867, 648], ['DECIIGNS', 478, 733, 603, 770], ['SEE', 132, 793, 210, 827], ['P2VAh', 455, 844, 537, 859]]"
0_43.jpg,"[['VETER', 59, 197, 269, 269], ['NARY', 248, 186, 461, 278], ['CLINIC', 490, 207, 714, 264], ['OPEN', 611, 465, 736, 501], ['24', 602, 509, 745, 587], ['HOURS', 622, 577, 728, 599]]"
0_58.jpg,"[['HALFPRICE', 228, 174, 817, 254], ['CLOTHNG', 187, 250, 856, 393], ['DD', 639, 502, 680, 526], ['SATHE', 283, 550, 395, 582], ['SALE', 719, 506, 872, 625], ['35%', 746, 614, 865, 702]]"
0_48.jpg,"[['CAFE', 210, 315, 343, 370], ['LIME', 527, 466, 795, 655], ['MUSIC', 545, 646, 785, 749], ['FRIDAY', 548, 775, 776, 847], ['NGHT*', 540, 848, 780, 924]]"
0_49.jpg,"[['OSAO', 418, 453, 563, 489], ['FAMILY', 331, 529, 489, 561], ['MOVIE', 510, 529, 657, 562], ['MATENNNG', 365, 577, 627, 608], ['30', 1, 667, 41, 702], ['TE', 371, 811, 405, 826], ['ADIREYE', 439, 800, 485, 816], ['57', 516, 799, 560, 815]]"
0_0.jpg,"[['SUPPORT', 346, 134, 538, 177], ['LOCAL', 559, 125, 718, 176], ['BUSIINESSS', 331, 163, 712, 223], ['SANIMRA', 71, 428, 150, 446], ['DE', 235, 500, 252, 515], ['on', 225, 515, 260, 527], ['aramu', 81, 524, 135, 539], ['SBPPPER', 70, 537, 146, 556], ['nm', 322, 550, 353, 565], ['aDooh', 713, 559, 763, 579], ['EGGE', 714, 611, 764, 626], ['uTatA', 713, 625, 761, 637], ['ee', 227, 579, 292, 602], ['0-8816', 227, 603, 293, 621], ['gump', 857, 613, 941, 666]]"
0_39.jpg,"[['ACOUPIED', 278, 374, 416, 403], ['ADULTS', 281, 561, 414, 601]]"
0_11.jpg,"[['ARTT', 185, 33, 279, 67], [""18,'AP"", 682, 30, 800, 75], ['DAPAR', 941, 574, 996, 589], ['IAE', 997, 575, 1024, 589], ['0o', 37, 613, 53, 627], ['40', 57, 614, 86, 626], ['EXITTODDAY', 219, 813, 804, 961], ['ne', 339, 975, 370, 986], ['an', 371, 975, 413, 986]]"
0_10.jpg,"[['COMMUNITY', 401, 351, 628, 382], ['CENTER', 450, 387, 580, 420], ['LOPE', 61, 529, 128, 556], ['MDAEE', 70, 550, 133, 577], ['DEE', 282, 529, 312, 549], ['USDUEDrE', 283, 513, 345, 532], ['PRMIBE', 308, 525, 352, 545], ['num', 527, 522, 559, 533], ['FE', 527, 531, 558, 543], ['EI0O', 911, 542, 948, 554], ['VOLUNTEERS', 734, 640, 871, 665], ['NEEDED', 761, 665, 842, 691]]"
0_38.jpg,"[['POLICE', 285, 342, 501, 392], ['STATION', 513, 343, 778, 392], ['REPORT', 493, 715, 563, 733], ['SUSPIS/OUSACTIVTY', 435, 741, 617, 759]]"
0_1.jpg,"[['SALE', 400, 278, 613, 388], ['TODAY', 386, 368, 643, 470], ['ONLY', 399, 471, 612, 560], ['VA', 390, 683, 440, 694], ['ni', 327, 748, 346, 760], ['tit', 327, 775, 348, 788], ['ICII', 124, 759, 168, 774], ['om', 134, 771, 159, 783], ['MODE', 125, 799, 167, 811], ['ant', 816, 799, 844, 811], ['LEISE', 615, 813, 649, 825], ['760101v', 611, 825, 651, 836], ['ai', 194, 820, 205, 830]]"
0_3.jpg,"[['SAVE', 412, 178, 651, 282], ['THE', 474, 288, 579, 341], ['BEES', 318, 339, 752, 464]]"
0_12.jpg,"[['DO', 727, 726, 818, 799], ['NOT', 805, 728, 931, 814], ['PICK', 719, 791, 839, 857], ['THE', 840, 804, 937, 868], ['FLOWERS', 725, 834, 933, 931]]"
0_13.jpg,"[['NO', 94, 726, 127, 752], ['SMOKING', 67, 752, 152, 782], ['WE00nocnG', 55, 847, 160, 869], ['DACIDE', 109, 891, 155, 906]]"
0_2.jpg,"[['EQUAL', 216, 554, 730, 844], ['PAY', 391, 786, 614, 915]]"
0_6.jpg,"[['FREE', 554, 167, 750, 240], ['WIFI', 757, 167, 942, 241], ['WHIFE', 459, 380, 536, 406], ['YOU', 466, 414, 541, 449], ['SHOFEE', 452, 458, 540, 480], ['224', 465, 496, 530, 527], ['OF', 487, 530, 513, 552], ['wAIeL', 470, 555, 526, 567], ['ON""?', 340, 401, 394, 424], ['WEM3ET', 324, 426, 405, 445], ['HEEE', 334, 449, 387, 472], ['4-22', 506, 593, 576, 628]]"
0_17.jpg,"[['EMERGENCY', 247, 376, 588, 428], ['ROOOM', 600, 375, 806, 428], ['ENTRE', 352, 466, 462, 495], ['ANCI', 472, 466, 576, 495], ['TION(IE', 572, 467, 711, 496], ['EMSERGECHAL', 442, 535, 612, 556], ['FALITNP', 471, 656, 520, 668], ['FTER', 537, 656, 585, 668]]"
0_16.jpg,"[['Next', 311, 144, 399, 181], ['bus', 405, 145, 474, 180], ['arrives', 293, 194, 421, 226], ['in', 430, 190, 471, 228], ['Ariripo', 819, 518, 895, 541], ['10', 762, 530, 798, 562], ['miute', 818, 536, 883, 563], ['UEG', 883, 534, 933, 562], ['10-50', 451, 565, 523, 595], ['NOTIEDE', 828, 794, 887, 809]]"
0_7.jpg,"[['ENE', 157, 54, 872, 576], ['BNEN', 828, 514, 911, 572], ['SILIE', 837, 561, 956, 628]]"
0_5.jpg,"[['PEEP', 717, 308, 804, 337], ['OFF', 817, 306, 895, 335], ['THE', 714, 331, 778, 357], ['GRASS', 789, 331, 898, 356]]"
0_14.jpg,"[['CROSSWALK', 252, 439, 401, 490], ['AHEAD', 265, 477, 372, 517], ['151974R', 262, 538, 385, 575], ['oB', 256, 571, 306, 598], ['24815', 306, 573, 387, 595], ['04', 301, 650, 344, 679], ['BES', 294, 678, 330, 697], ['EY', 321, 680, 343, 697], ['DPD', 292, 692, 339, 711], ['Do', 588, 634, 682, 649]]"
0_28.jpg,"[['9FASS', 784, 209, 897, 276], ['SUITSE', 780, 265, 903, 335], ['GAD', 814, 335, 853, 366], ['EREG', 800, 364, 891, 445], ['FRESHLY', 366, 529, 862, 660], ['SQUEEZEDD', 454, 652, 831, 758], ['VJ', 389, 786, 572, 936], ['JICE', 578, 759, 878, 950]]"
0_29.jpg,"[['MIND', 210, 102, 425, 163], ['THE', 451, 100, 617, 167], ['GAP', 647, 101, 816, 167], ['CMRERENE', 934, 349, 1024, 404], ['EUWWSYON', 856, 538, 950, 564], ['AI', 223, 567, 231, 575], ['DAIEEhN', 880, 651, 933, 678]]"
0_15.jpg,"[['THE', 453, 217, 557, 250], ['VOT', 257, 245, 592, 406], ['TE', 534, 261, 765, 403], ['FOR', 258, 400, 403, 447], ['CHANGE', 431, 402, 742, 444], ['VAA', 157, 917, 213, 940]]"
0_4.jpg,"[['CLIMATE', 368, 568, 561, 625], ['CHANGE', 585, 570, 759, 628], ['IS', 520, 629, 581, 692], ['REEAL', 461, 705, 643, 771]]"
0_84.jpg,"[['DBA', 308, 132, 401, 179], ['RIONINALECIEESE', 431, 129, 654, 190], ['ETASETHET', 207, 175, 589, 274], ['TERROIR', 541, 177, 869, 277], ['--', 558, 219, 572, 236], ['JEunAy', 526, 402, 574, 422], ['us', 574, 417, 604, 429], ['myO', 521, 443, 579, 469], ['oano', 723, 454, 782, 469], ['Aire', 733, 474, 756, 486], ['AIRALVI', 507, 731, 597, 769], ['CHBESE', 510, 760, 593, 785], ['DL', 513, 791, 535, 800], ['MN', 516, 799, 549, 814], ['40', 543, 825, 564, 837], ['A9A', 520, 834, 561, 850], ['AE', 558, 835, 580, 848], ['TDp', 133, 794, 164, 814], ['OTE', 0, 801, 50, 839], ['RIV', 0, 849, 61, 902], ['Juqo', 18, 876, 63, 899], ['oni', 102, 872, 155, 891], ['TASTB', 81, 897, 151, 916], ['TIE\'TERROIR""', 155, 895, 302, 917]]"
0_90.jpg,"[['IDIEE', 809, 294, 840, 306], ['REHWDU-RE', 427, 787, 533, 808], ['OOMCEPT', 534, 788, 625, 807], ['OF', 624, 787, 655, 808], ['TIME-TRAVEL', 253, 804, 578, 860], ['AGENCY', 613, 807, 814, 857], ['ESPLOR', 398, 861, 470, 880], ['THE', 467, 860, 506, 880], ['PAOT', 506, 860, 562, 882], ['AMD', 562, 861, 604, 880], ['PUTURE', 606, 861, 694, 879], ['DPLONTHTULE', 459, 952, 605, 970], ['PASR', 302, 956, 385, 982], ['FUTURE', 684, 956, 775, 981]]"
0_91.jpg,"[['ELAITT', 311, 482, 391, 515]]"
0_85.jpg,"[['UNDERGROUND', 173, 411, 488, 470], ['SPEAKSEY', 184, 489, 491, 563], ['ENTRRANCE', 236, 598, 428, 656], ['PASSWORD', 165, 718, 333, 757], ['REQUIRED', 338, 715, 479, 758]]"
0_78.jpg,"[['HOOKAHNIGHT', 209, 143, 438, 200], ['APBMALED', 280, 214, 370, 233], ['SmekeShop', 634, 217, 839, 263], ['SHOOKAH', 590, 346, 737, 378], ['DNABUT', 740, 345, 863, 377], ['Afuanie', 598, 379, 704, 419], ['phsange', 698, 376, 833, 419], ['OBEIA', 243, 362, 310, 392], ['OHIIGN', 238, 389, 275, 408], ['MALAMLAN', 267, 389, 312, 408], ['HOKH', 944, 332, 1021, 387], ['Ky', 924, 699, 959, 714], ['MTT', 934, 759, 959, 771]]"
0_93.jpg,"[['ROYALY', 30, 499, 165, 543], ['BALL', 43, 547, 149, 592], ['TONIIGHT', 9, 600, 180, 640]]"
0_87.jpg,"[['NTERSTELERR', 390, 721, 619, 749], ['WELCCOME', 424, 765, 587, 790]]"
0_86.jpg,"[['BEWARE', 58, 590, 264, 651], ['OF', 125, 658, 198, 707], ['GHOSTS', 40, 703, 264, 771]]"
0_92.jpg,"[['Interaterlaccic', 328, 44, 896, 178], ['BURGERS', 304, 119, 907, 275]]"
0_79.jpg,"[['FREE', 187, 238, 271, 267], ['TEA', 83, 271, 186, 321], ['TASTING', 200, 278, 365, 318], ['In', 142, 319, 180, 348], ['Seee', 173, 321, 226, 344], ['to', 224, 323, 250, 345], ['nobu', 251, 323, 301, 346], ['sio', 302, 324, 333, 346], ['0ouous', 416, 380, 458, 395], ['Man', 455, 379, 486, 395], ['AB', 841, 429, 872, 449], ['FE6', 868, 431, 901, 451], ['MMLA', 753, 468, 822, 490], ['MErw', 834, 468, 867, 483], ['OROy', 860, 469, 899, 485]]"
0_69.jpg,"[['Furnittur', 114, 260, 269, 303], ['CLEARANCE', 298, 259, 687, 326], ['SAJ', 276, 342, 591, 541]]"
0_96.jpg,"[['JuPasaG', 82, 131, 403, 264], ['PARK', 164, 231, 329, 315], ['JINOISAUR', 719, 466, 932, 564], ['FEEDING', 736, 560, 839, 606], ['TIME', 843, 551, 919, 600]]"
0_82.jpg,"[['JVOR', 118, 269, 161, 292], ['AHLETIC', 296, 212, 468, 296], ['GEAR', 462, 243, 559, 315], ['SSALE', 286, 270, 567, 402], ['aA', 179, 452, 209, 472], ['MLN', 106, 579, 315, 600]]"
0_83.jpg,"[['YARN', 249, 22, 570, 111], ['STORE', 536, 22, 807, 112], ['loaou', 777, 415, 826, 430], ['nalony', 773, 430, 835, 445], ['muusUaR', 155, 481, 218, 499], ['KNITTING', 446, 679, 585, 722], ['CIRCLE', 457, 723, 593, 770], ['MEETUP', 461, 777, 581, 818], ['AA', 481, 943, 505, 952]]"
0_97.jpg,"[['TRAVEL', 311, 67, 424, 99], ['TO', 428, 66, 476, 100], ['PARAEL', 485, 69, 597, 98], ['WORDS', 605, 69, 718, 98], ['EI:', 568, 126, 594, 149], ['ONT', 939, 684, 1007, 718], ['Deauelaul', 0, 706, 100, 748], ['ms', 41, 733, 60, 745]]"
0_68.jpg,"[['ESHLY', 283, 117, 451, 236], ['BARC', 433, 121, 579, 259], ['lakel.', 324, 257, 591, 402], ['Dayknuns', 192, 364, 722, 611], ['BAD', 804, 524, 861, 547], ['DAILY', 358, 560, 510, 608]]"
0_100.jpg,"[['OOURIO', 244, 246, 423, 286], ['BRIOM-', 422, 249, 553, 286], ['POTIONS', 246, 359, 596, 458], ['BREWING', 241, 439, 562, 540], ['Z0', 174, 549, 203, 566]]"
0_81.jpg,"[['WINE', 588, 548, 808, 628], ['STEEP9', 96, 642, 176, 672], ['AND', 609, 631, 694, 669], ['CHEESE', 699, 637, 860, 680], ['PARRING', 543, 663, 924, 773], ['10.34PM', 128, 800, 202, 831]]"
0_95.jpg,"[['LAST', 288, 150, 423, 218], ['SURVIVORS', 204, 210, 490, 284], [""WELCOME'"", 235, 282, 457, 339]]"
0_94.jpg,"[['IeN', 525, 234, 583, 276], ['ECHANT', 353, 130, 649, 282], ['LAIP', 613, 270, 655, 299], ['Pamma', 641, 276, 697, 317], ['REPAR', 669, 238, 892, 371], ['ANN', 807, 334, 886, 382], ['MLmTIA', 334, 823, 406, 835], ['uMPy', 339, 834, 406, 846], ['043410UD', 345, 848, 403, 867], ['ne', 349, 866, 362, 876], ['GIMDNEL', 360, 865, 403, 877], ['ne', 390, 906, 412, 915], ['aes', 361, 938, 391, 949], ['IIAOGES', 357, 947, 417, 959]]"
0_80.jpg,"[['3000001001000000000010000', 222, 81, 811, 109], ['RETRO', 255, 123, 797, 242], ['FASHION', 351, 234, 538, 273], ['SHOW', 550, 233, 689, 276], ['0000010010000000001000', 219, 282, 814, 313], ['50', 977, 334, 1002, 354], ['dGtee', 183, 308, 654, 439], ['0japjo', 487, 477, 537, 489], ['hnno', 494, 488, 530, 500], ['01013', 490, 515, 539, 534], ['AE', 490, 530, 537, 545], ['HIODEY', 478, 556, 544, 578], ['LDIA', 498, 606, 537, 626], ['RETEO', 305, 750, 375, 793], ['FASIA', 319, 782, 370, 820], ['SHDV', 331, 815, 391, 861], ['135', 334, 842, 407, 903], ['20', 348, 883, 403, 925]]"
0_66.jpg,"[['SUPEFHERO', 136, 68, 905, 299], ['DAY', 438, 253, 584, 317], ['ASIOAR', 159, 617, 238, 643], ['SROPEO', 159, 713, 255, 751], ['pmmnAg', 274, 748, 326, 767], ['SASENVEAO', 711, 745, 766, 767], ['rny,', 776, 746, 830, 765], ['VAVGINY', 844, 747, 900, 770], ['SUPER', 20, 761, 115, 815], ['BIOOK', 25, 788, 122, 839], ['DAY!', 27, 815, 129, 880]]"
0_72.jpg,"[['WINE', 473, 92, 641, 163], ['TASTING', 657, 97, 934, 160], ['TODAY', 545, 184, 854, 293], ['WINIF,', 527, 381, 589, 403], ['Oib', 623, 387, 662, 402], ['TMIDG', 527, 411, 594, 429], ['runb', 530, 423, 588, 441], ['MANGNDT', 522, 439, 593, 457], ['AAIO', 587, 751, 615, 767], ['ba', 808, 790, 837, 804], ['ANOIMSE', 965, 809, 1023, 821]]"
0_99.jpg,"[['STANDARD', 418, 110, 621, 145], ['FACTORY', 633, 110, 806, 145], ['Assemble', 414, 153, 544, 186], ['your', 548, 159, 618, 190], ['own', 621, 158, 687, 185], ['bot', 692, 152, 747, 185], ['ouArest', 634, 386, 710, 398], ['oOE', 325, 411, 371, 423], ['AA', 861, 687, 905, 703], ['-t', 24, 711, 85, 729]]"
0_98.jpg,"[['TAEAR', 251, 76, 388, 171], ['RIGHT', 384, 76, 516, 150], ['UPP', 507, 90, 589, 169], ['TO', 391, 134, 454, 193], ['THE', 398, 184, 445, 212], ['FREAK', 248, 207, 429, 307], ['SHOW', 430, 203, 602, 306], ['QID!', 70, 378, 118, 417], ['OMW', 65, 450, 103, 470], ['OfR', 103, 450, 152, 470], ['TEI', 73, 504, 105, 524], ['THINT', 95, 488, 136, 508], ['NIIIY', 115, 504, 159, 524], ['FAUNED', 811, 671, 931, 715], ['IHE', 847, 704, 895, 728], ['CARIVA', 819, 716, 912, 757]]"
0_73.jpg,"[['MARERITY', 9, 91, 300, 144], ['BABY', 441, 106, 572, 154], ['SHOWER', 401, 145, 626, 210], ['REGISRY', 742, 92, 1014, 142], ['sotront', 639, 600, 683, 612], ['DEDA', 643, 611, 680, 623], ['NE2A1', 644, 620, 679, 635]]"
0_67.jpg,"[['DIY', 426, 66, 614, 174], ['WORKSHOP', 359, 183, 670, 235], ['ot', 890, 389, 916, 413], ['DVA', 878, 344, 947, 417], ['AFPMNU', 900, 396, 963, 426], ['AT', 48, 420, 81, 440], ['4a', 77, 425, 101, 443], ['an', 142, 439, 166, 452], ['BUNVILARY', 479, 440, 569, 458], ['gopr', 490, 461, 537, 477], ['IN', 535, 461, 553, 476], ['DOIY', 497, 523, 538, 539], ['1au', 381, 832, 403, 844], ['AY', 390, 899, 402, 908], ['in', 638, 942, 665, 955], ['54', 638, 952, 665, 964]]"
0_59.jpg,"[['TOYSTORE', 288, 181, 734, 287], ['HOLIDAY', 304, 418, 480, 489], ['TOY', 485, 418, 577, 490], ['DRIVE', 585, 418, 724, 490], ['go0f,', 387, 603, 444, 635], ['TOY', 379, 643, 420, 674], ['DAY', 419, 644, 460, 673], ['SALTTHE', 566, 604, 648, 630], ['HOY', 562, 634, 600, 663], ['REER', 600, 634, 647, 662], ['Dpu', 587, 712, 622, 728], ['Gila', 588, 697, 622, 715], ['ainn', 587, 723, 622, 738], ['00', 60, 777, 113, 801]]"
0_71.jpg,"[['HARDWARB', 117, 125, 914, 270], ['HHS', 134, 403, 212, 429], ['Gapmmf', 243, 398, 302, 417], ['ATHAAENTTAA', 143, 422, 210, 434], ['IRR', 85, 439, 133, 455], ['mIGIR', 135, 439, 208, 458], ['3%', 234, 403, 307, 470], ['GRAND', 427, 470, 587, 520], ['OPENING', 410, 523, 610, 566], ['I6', 231, 636, 239, 644]]"
0_65.jpg,"[['EXPRESS', 382, 196, 655, 235], ['DETAIILING', 333, 244, 729, 296], ['SCAR', 102, 553, 197, 583], ['UEAL', 100, 582, 198, 616], ['EX', 835, 595, 940, 648], ['0O', 580, 798, 652, 833]]"
0_64.jpg,"[['**BEST**', 332, 91, 698, 175], ['DIOGE', 812, 151, 859, 174], ['TO9N', 820, 319, 863, 339], ['GER', 477, 155, 865, 352], ['(OESCN.', 349, 410, 494, 457], ['60V81-', 396, 449, 462, 468], ['(398)0', 640, 428, 703, 458], ['OAY', 850, 471, 933, 518], ['FUD', 957, 473, 1024, 518], ['BEST', 202, 515, 316, 560], ['BURGERS', 332, 517, 514, 559], ['IN', 525, 519, 564, 558], ['TOWN', 558, 518, 680, 558], ['VARS', 3, 597, 62, 615], ['BURGE', 858, 556, 1022, 606], ['3!', 558, 788, 576, 803], ['BESE', 724, 944, 812, 986]]"
0_70.jpg,"[['UNIQUE', 171, 146, 313, 206], ['GIFTS', 318, 145, 435, 206], ['OR', 444, 144, 508, 208], ['COCCASSION', 519, 148, 763, 204], ['OIFT', 179, 220, 220, 245], ['GRONC-O', 220, 220, 293, 246], ['SOVRE', 294, 220, 338, 245], ['DCCRGIIN.', 340, 222, 413, 245], ['CIFS', 416, 221, 455, 246], ['GOSORRLD', 457, 221, 548, 247], ['001E', 547, 221, 589, 246], ['SA', 589, 220, 621, 247], ['SIOBE', 618, 220, 666, 247], ['SCEMEKSELA', 668, 219, 774, 248]]"
0_74.jpg,"[['MUSIC', 714, 101, 917, 190], ['READEL', 515, 186, 602, 216], ['SUTANK', 512, 217, 604, 255], ['STORE', 773, 186, 841, 216], ['Slt', 197, 225, 260, 271], ['eonit', 258, 230, 351, 268], ['DInVIONN', 278, 266, 339, 281], ['INTRUMENT', 464, 476, 660, 518], ['RENTALS', 468, 537, 657, 587], ['IA', 137, 530, 189, 542], ['AVALABLE', 470, 627, 663, 663], ['APRRB7Y0D!', 4, 694, 148, 709], ['KOAC', 228, 704, 302, 719], ['ORA', 303, 704, 342, 719], ['Ristnane', 481, 714, 655, 768]]"
0_60.jpg,"[['SHSTOCK', 622, 54, 927, 187], ['VAPE', 393, 98, 531, 204], ['VOP', 524, 87, 658, 192], ['09-2-0', 1, 166, 105, 225], ['Bya', 153, 207, 196, 236], ['do', 154, 210, 240, 271], ['DDRI', 482, 263, 536, 294], ['(ROAT', 479, 284, 539, 310], ['BEGEG', 539, 289, 625, 326], ['VISA', 740, 229, 842, 294], ['1s0', 12, 293, 47, 314], ['DAIMAIIL', 167, 307, 223, 333], ['DAI,', 183, 325, 225, 349], ['MAILIO', 160, 337, 216, 364], ['BMI', 211, 345, 231, 364], ['RPA', 179, 358, 215, 379], ['MR', 168, 374, 197, 396], ['GAM', 194, 376, 221, 398], ['RPA', 220, 455, 298, 474], ['4mi', 399, 598, 456, 617], ['wN1', 399, 614, 426, 630], ['JH', 567, 621, 589, 636], ['NEWFLAVORS', 123, 718, 461, 829], ['INSTCK', 451, 744, 712, 856]]"
0_61.jpg,"[['APRINE', 432, 316, 592, 401], ['J6GEN', 485, 474, 539, 492], ['110', 478, 511, 508, 527], ['rb', 515, 511, 547, 527], ['BOOI', 115, 821, 156, 850], ['CIELAY', 104, 852, 163, 878], ['HSH', 863, 818, 899, 849], ['LEIED', 853, 849, 907, 880]]"
0_75.jpg,"[['END', 160, 209, 238, 252], ['OF', 241, 218, 294, 261], ['SEASON', 293, 224, 423, 275], ['SALE', 84, 261, 477, 423], ['30%', 314, 688, 445, 758], ['Acs', 332, 798, 438, 852]]"
0_63.jpg,"[['OPENING', 91, 840, 285, 894], ['RESERITION', 302, 841, 547, 890]]"
0_77.jpg,"[['UCADN', 525, 93, 581, 115], ['NEW', 304, 169, 404, 229], ['SKAIBARDIMOLES', 408, 174, 783, 226], ['88)', 471, 408, 527, 445], ['NAEN', 832, 472, 911, 514], ['SUILPO', 835, 504, 900, 531], ['BAUBAONES', 834, 525, 898, 543], ['au', 842, 540, 855, 549], ['AaBu', 850, 535, 894, 551], ['Aipa', 5, 686, 58, 705], ['RAYNY', 70, 687, 119, 703], ['DER', 743, 842, 793, 862]]"
0_88.jpg,"[['EWARRE', 2, 612, 299, 725], ['OF', 123, 706, 178, 743], ['PIXCES', 27, 704, 324, 851], ['MAriff', 331, 967, 374, 986]]"
0_89.jpg,"[['MAGICL', 199, 471, 375, 556], ['POTIONS', 178, 532, 386, 601], ['OR', 191, 585, 271, 642], ['SALE', 278, 596, 375, 647]]"
0_76.jpg,"[['PAWN', 285, 239, 501, 297], ['SHOP', 558, 240, 757, 294], ['RAD', 276, 672, 317, 691], ['GAGA', 462, 698, 504, 713], ['CASH', 293, 780, 392, 821], ['FOR', 389, 775, 462, 813], ['GOLD', 295, 819, 441, 878]]"
0_62.jpg,"[['FREE', 832, 630, 911, 674], ['MEDITATION', 795, 664, 943, 720], ['CLASS', 818, 706, 906, 753], ['23', 836, 752, 882, 793], ['Thon', 792, 805, 819, 822], ['buR', 841, 816, 861, 830], ['01', 862, 804, 872, 817], ['mGEty', 870, 804, 904, 827], ['bophe', 857, 818, 908, 842], ['Maivii', 801, 845, 859, 876], ['Eiss:', 849, 857, 871, 876], ['DILEE', 867, 862, 895, 881]]"
0_166.jpg,"[['FAMILY', 442, 357, 538, 386], ['FUN', 405, 384, 462, 412], ['DAY', 464, 388, 520, 416], ['PEHERE', 596, 730, 677, 764], ['LEB0', 583, 802, 633, 829]]"
0_172.jpg,"[['LOCAL', 400, 100, 499, 125], ['ARRTISTS', 260, 126, 553, 200], ['MARKET', 569, 125, 798, 201], ['OD', 88, 662, 133, 686], ['ODIEST', 120, 652, 194, 692], ['ingp', 906, 666, 939, 691], ['FDE', 932, 674, 985, 705], ['AMey', 671, 702, 713, 721], ['NOT', 669, 717, 709, 737], ['DDBII', 668, 735, 709, 754], ['LESBL', 494, 804, 561, 838], ['MAAESTLG', 363, 842, 415, 859], ['184', 362, 857, 421, 905]]"
0_199.jpg,"[['0AAaGB', 122, 395, 280, 449], ['ad.', 301, 406, 357, 437], ['aoua', 599, 399, 717, 439], ['6608', 774, 391, 880, 440], ['RAJASTHANI', 427, 658, 612, 690], ['DANCE', 369, 687, 464, 721], ['PERFORMANCE', 466, 689, 660, 721], ['PAEERIAGERIR', 446, 798, 585, 816], ['CACTEINAUDE', 381, 819, 470, 834], ['DUR', 485, 817, 524, 836], ['nan', 524, 818, 556, 834], ['ULEOGKOID', 555, 819, 647, 834]]"
0_210.jpg,[]
0_204.jpg,"[['aSx6R', 392, 215, 607, 257], ['1E', 289, 294, 319, 321], ['A.', 296, 323, 314, 342], ['p)', 292, 353, 310, 368], ['71', 241, 365, 267, 390], ['Ves', 371, 633, 405, 648], ['RYC8', 759, 802, 814, 825]]"
0_205.jpg,"[['AK', 822, 46, 893, 128], ['OP', 734, 54, 767, 79], ['RPP', 731, 76, 786, 113], ['OBFEEOIONCIO', 818, 324, 992, 356], ['FSEUVAKIL', 818, 339, 992, 378], ['FETOATAL', 819, 359, 997, 399], ['MAN', 740, 451, 800, 466]]"
0_211.jpg,"[['at', 333, 236, 375, 264], ['mm', 273, 391, 301, 407], ['TE', 952, 512, 977, 529], ['ALIRLE', 313, 571, 360, 582], ['MMIRMATASA', 393, 570, 489, 584], ['REAIS', 625, 584, 662, 599], ['omr', 665, 582, 701, 601], ['uos', 772, 758, 814, 770], ['VeaLNO', 770, 768, 850, 798], ['CnrGon', 767, 794, 835, 813], ['EA', 839, 798, 865, 811], ['Mnailan', 768, 809, 829, 824], ['Cene', 769, 820, 835, 835], ['Mna', 770, 828, 796, 840], ['Collg', 834, 821, 870, 836], ['RG', 798, 863, 849, 878], ['ITAALIAN', 428, 837, 542, 862], ['GELELATO', 550, 836, 667, 861], ['CONTEST', 480, 871, 599, 900]]"
0_198.jpg,"[['FRESH', 294, 134, 461, 184], ['FRUIT', 296, 194, 456, 245], ['SMOOOTHIES', 69, 312, 501, 399], ['Tlo', 807, 385, 862, 416], ['do,', 857, 385, 901, 418], ['MACOEIG', 805, 442, 856, 453], ['poss', 802, 454, 834, 466], ['BIT', 275, 427, 315, 446], ['nomnauN', 301, 449, 370, 467], ['DI', 366, 448, 385, 467], ['MMIT', 316, 466, 367, 485]]"
0_173.jpg,"[['HENO', 818, 579, 884, 598], ['0412', 964, 708, 994, 724], ['ICE', 155, 724, 217, 766], ['CREAM', 224, 723, 341, 763], ['SOCIAL', 174, 764, 309, 800], ['THIS', 221, 811, 273, 835], ['SATURDAY', 174, 840, 325, 876]]"
0_167.jpg,"[['lev', 481, 255, 498, 268], ['MAMAN', 406, 315, 627, 364], ['Tmmuen', 894, 441, 963, 480], ['COMMITY', 458, 551, 542, 569], ['POOL', 541, 551, 591, 570], ['SWIM', 439, 595, 614, 650], ['AL', 234, 587, 284, 599], ['4oel', 283, 588, 337, 599], ['LESSONS', 393, 651, 666, 696], ['AVAILABLE', 389, 705, 662, 740], ['0M33', 412, 764, 437, 776], ['MULOUR', 433, 764, 470, 776], ['ouE', 466, 764, 488, 776], ['DW', 484, 763, 502, 776], ['OITerN', 499, 764, 536, 775], ['asma', 535, 764, 565, 776], ['oW', 562, 763, 580, 776], ['MAA', 577, 764, 599, 776], ['Bn', 596, 764, 622, 776], ['anun', 619, 764, 648, 775], ['MnaE', 395, 777, 427, 789], ['onene', 425, 777, 460, 788], ['HGm', 458, 777, 504, 788], ['ananone', 503, 777, 556, 788], ['aunmn', 554, 777, 596, 788], ['Dur', 594, 777, 615, 789], ['08', 612, 776, 630, 789], ['paua)', 628, 776, 667, 788], ['aahilaa', 411, 789, 450, 801], ['DA', 449, 790, 472, 802], ['ane', 470, 790, 507, 801], ['BAERU.', 524, 790, 560, 801], ['noMINS', 560, 790, 603, 801], ['nin', 602, 789, 622, 802], ['UnI', 620, 789, 650, 801]]"
0_159.jpg,"[['STOP', 170, 375, 226, 407], ['TIUIO', 584, 385, 626, 400], ['OIINEO', 625, 384, 681, 399], ['roocome', 670, 607, 758, 633], ['fo', 759, 615, 788, 636], ['COMMUNITY', 585, 624, 768, 694], ['MOVIE', 628, 675, 728, 739], ['CENTER', 765, 644, 917, 721], ['NIGHT', 727, 692, 823, 751], ['OPER', 657, 733, 724, 777], ['26>', 729, 743, 784, 785], ['Qa', 708, 865, 747, 894], ['ETT', 770, 884, 804, 910]]"
0_171.jpg,"[['ESG', 796, 382, 909, 396], ['nPNMITODN', 473, 491, 573, 506], ['REGISTER', 300, 733, 525, 779], ['TO', 530, 728, 603, 782], ['VOTE', 605, 731, 727, 780], ['HERE', 288, 783, 664, 905]]"
0_165.jpg,"[['DCE', 759, 96, 939, 206], ['WHEELS', 816, 168, 939, 221], ['ON', 709, 205, 749, 235], ['TWO', 751, 192, 815, 231], ['Bm', 285, 114, 411, 250], ['EXPENE', 508, 128, 772, 247], ['CITY', 644, 213, 704, 248], ['EXPLORE', 525, 225, 632, 269], ['KE', 205, 321, 272, 371], ['EREAL', 269, 312, 374, 361], ['Pulerls', 202, 504, 297, 550], ['wEnI,', 137, 702, 187, 718], ['olmnnwp', 183, 700, 228, 716], ['GIB', 159, 744, 190, 761], ['(UHE', 195, 741, 221, 758], ['BID)', 203, 787, 230, 804], ['ENICI', 162, 823, 207, 846], ['QNVDRa', 207, 820, 246, 840], ['Gn', 167, 853, 202, 873], ['[a', 217, 849, 245, 871]]"
0_207.jpg,"[['MASAI', 671, 3, 1004, 160], ['BEADWORK', 709, 129, 978, 216], ['FOR', 691, 226, 799, 285], ['SALE', 812, 222, 976, 281], ['04', 85, 331, 107, 344]]"
0_213.jpg,"[['TURKISH', 359, 151, 645, 207], ['BAKLAV', 354, 209, 650, 266], ['SAMPLLING', 355, 279, 651, 328], ['GN9', 515, 487, 573, 505], ['SRUVAIN', 396, 503, 441, 518], ['DLEIVANI', 885, 578, 949, 613], ['MMOINNINE', 368, 768, 444, 786], ['GWDDVAGG', 437, 770, 526, 785], ['DLVIR', 524, 769, 564, 788], ['ObNBIANED', 561, 770, 630, 788]]"
0_212.jpg,"[['DU', 133, 582, 172, 594], ['-E', 941, 581, 992, 593], ['LIMCMAALIVIRA', 106, 671, 289, 696], ['CULTURAL', 80, 696, 210, 718], ['CENTER', 219, 698, 316, 723], ['PERPORAMANACE', 80, 727, 313, 752], ['-HABRSan', 78, 772, 186, 793], ['-BRM', 76, 798, 149, 817], ['-WRRH-aNG', 80, 821, 196, 839], ['-ABEN', 76, 840, 151, 862], ['gA', 269, 779, 308, 791], ['RENSSE', 224, 804, 309, 819]]"
0_206.jpg,"[['AUTHENTIC', 348, 138, 680, 194], ['TACOS', 399, 191, 601, 249], ['ALPASROT', 315, 248, 678, 314], ['09', 244, 362, 273, 385], ['POABIAS', 517, 365, 619, 387], ['ULEDIO!', 518, 384, 614, 406], ['UIPINA', 4, 476, 56, 508], ['DES', 243, 487, 297, 520], ['DUALA', 293, 489, 368, 519], ['TOND', 369, 491, 406, 515], ['GtA', 371, 482, 404, 502], ['949', 404, 483, 432, 504], ['ACIEACO', 433, 483, 505, 510], ['ABARLAO', 545, 478, 626, 511], ['NSOQUB.GA', 672, 480, 792, 512], ['GAIP', 246, 514, 286, 533], ['9p', 290, 514, 333, 538], ['GAMFIR', 352, 507, 400, 531], ['ARDIO', 430, 510, 474, 534], ['ARLEDA', 522, 508, 586, 531], ['AG', 596, 506, 640, 534], ['I3', 657, 509, 699, 528], ['ABAO', 715, 508, 790, 534]]"
0_164.jpg,"[['SUMMER', 381, 205, 479, 231], ['COICERTSERIESSE', 475, 206, 664, 231], ['SUMMER', 387, 254, 475, 291], ['CONCERT', 479, 255, 567, 292], ['SERIES', 569, 255, 646, 290], ['UYPAOT', 260, 322, 299, 337], ['Dcun', 261, 337, 299, 349], ['a7e', 268, 349, 291, 361], ['mn', 267, 360, 292, 372], ['onston', 265, 383, 296, 394], ['mourDT', 262, 392, 298, 404], ['1elr', 269, 420, 290, 432], ['Mihfin', 260, 458, 300, 470], ['DImE', 735, 322, 774, 337], ['DRIR', 735, 336, 775, 351], ['TAB', 746, 349, 766, 362], ['aP', 739, 361, 773, 372], ['AeN', 741, 370, 770, 381], ['dey', 744, 380, 767, 393], ['wasen', 734, 392, 776, 404], ['mRom', 741, 411, 771, 423], ['DIMIE', 739, 423, 772, 434], ['ltiinnil', 735, 458, 775, 470]]"
0_170.jpg,"[['P6', 338, 30, 445, 151], ['RAT', 262, 151, 669, 280], ['BREWERY', 35, 220, 843, 466], ['IAVIA', 586, 514, 626, 534], ['RAFT', 647, 510, 702, 546], ['BIBW', 703, 509, 754, 547], ['UEA', 598, 555, 639, 578], ['WAMTA', 645, 539, 699, 562], ['cn', 654, 567, 676, 579], ['MSAR', 702, 539, 750, 577], ['LIVE', 590, 623, 913, 760], ['Oa', 189, 825, 235, 844], ['UVL', 154, 862, 219, 885], ['IMJEST', 95, 895, 228, 935], ['MRIST', 109, 926, 263, 981], ['MMuscic', 593, 749, 901, 850], ['TONIGAT', 634, 832, 903, 934], ['0000', 634, 933, 728, 974], ['0000', 769, 921, 874, 962]]"
0_158.jpg,"[['TACO', 273, 111, 716, 287], ['TUESDAY', 326, 279, 495, 322], ['SPECIAL', 505, 280, 649, 320], ['33', 662, 270, 702, 309], ['00o', 784, 372, 873, 401], ['TACO', 84, 452, 350, 538], ['SAMCO', 569, 664, 665, 698], ['$a0', 572, 691, 660, 743], ['$p2P', 573, 756, 659, 803], ['TOCI', 69, 734, 132, 760], ['TVIPR', 69, 758, 134, 780], ['TUESDAY', 145, 742, 229, 764], ['DPACA', 238, 754, 302, 776], ['REED', 304, 753, 360, 776], ['T-PTAT', 364, 742, 456, 771]]"
0_174.jpg,"[['DISCOVER', 397, 272, 546, 297], ['THE', 550, 269, 615, 300], ['LATEST', 397, 308, 621, 358], ['GADGTS', 353, 375, 695, 446], ['IGin', 94, 543, 132, 564], ['anNh', 128, 544, 175, 564], ['UETSBOV', 880, 544, 961, 563], ['PAK', 776, 575, 802, 587], ['AITANA!', 812, 598, 854, 614], ['S4N601G0N5', 2, 589, 90, 604]]"
0_160.jpg,"[['ELOCALLPHARIAYE', 92, 205, 966, 291], ['PRESCRRPTION', 202, 291, 583, 329], ['PICKUP', 607, 290, 810, 329], ['DRIVE-THU', 289, 345, 454, 370], ['PRECRIMP6-UP', 456, 344, 716, 372], ['EA', 1, 494, 29, 516], ['AA', 4, 547, 24, 560], ['nI', 161, 526, 196, 538], ['au', 934, 532, 954, 541], ['MWI', 812, 540, 864, 552], ['nuu', 814, 557, 838, 566], ['C.', 815, 575, 863, 586], ['0ZAMDUNS', 431, 581, 478, 592], ['MAIIC', 494, 595, 513, 604], ['Cordogo', 203, 600, 265, 618], ['Tory', 262, 601, 299, 617], ['RuMUCOIGBEBITE', 240, 627, 327, 641], ['DDISENBGIDI', 241, 644, 314, 656], ['weIeieins', 241, 659, 291, 671], ['FUBCC0OCO', 703, 599, 777, 611], ['ODLBR', 777, 598, 829, 613], ['maates', 701, 613, 747, 625], ['Gobenuoin', 746, 613, 790, 625], ['maBA1AHTABHOATHIE.', 701, 627, 812, 641], ['semii', 811, 628, 836, 640], ['eearret', 702, 642, 753, 654], ['ABAFRE', 768, 643, 808, 654], ['eCIPBOTENE', 805, 643, 867, 654], ['nane', 702, 657, 737, 669], ['BISE', 734, 657, 753, 670], ['eatoun', 749, 657, 795, 669], ['at', 811, 717, 823, 728], ['Eug', 825, 718, 861, 733], ['Ih', 205, 727, 229, 743], ['KPrurmI', 261, 745, 309, 757], ['BAUTPUSENG', 254, 754, 319, 769], ['Phobciop', 249, 779, 324, 794]]"
0_148.jpg,"[['1201.', 485, 213, 679, 235], ['NEW', 416, 258, 542, 295], ['YEAR', 565, 259, 705, 295], ['SIGN', 319, 333, 579, 428], ['YOU!', 551, 333, 772, 430], ['212019', 509, 440, 606, 459], ['SIGN', 452, 480, 516, 502], ['UP', 520, 480, 554, 501], ['TODAY:', 558, 482, 645, 501], ['VOIII', 267, 573, 301, 593], ['BU', 300, 574, 326, 592], ['ofn', 267, 593, 302, 614], ['HICW', 267, 613, 310, 636], ['(OP', 308, 613, 335, 635], ['YA0', 264, 637, 295, 657], ['TOAL', 292, 638, 332, 657], ['nef', 302, 673, 341, 697], ['dow', 266, 716, 311, 736], ['O0t', 264, 734, 296, 755], ['-A', 479, 689, 522, 708]]"
0_202.jpg,"[['ll', 771, 96, 792, 115], ['BI', 744, 132, 766, 152], ['BI', 744, 168, 766, 187], ['MEOUNGRE,', 13, 429, 80, 441], ['DoDel', 766, 502, 824, 528], ['Masoes', 820, 504, 888, 526], ['Dieao.', 791, 523, 865, 545], ['Capoceira', 767, 542, 894, 574], ['Demistralions', 746, 567, 911, 592], ['DD201enCKOE', 898, 671, 988, 685], ['MEANDLO', 0, 721, 58, 739], ['BBEARAMIDINENE', 64, 711, 143, 733], ['wnnvtes', 873, 813, 920, 824], ['Hean', 865, 821, 901, 832], ['SAuET.', 898, 821, 922, 830]]"
0_216.jpg,"[['ayi', 126, 155, 233, 199], ['El', 228, 166, 282, 199], ['aya', 356, 171, 413, 202], ['COLORFIFAL', 128, 188, 299, 228], ['SAREES', 302, 195, 411, 232], ['MLUAODIIEE', 142, 230, 210, 248], ['mmmGnbuit', 203, 230, 274, 252], ['LIlI-SBI-BuTESEma', 282, 234, 417, 256], ['mTat', 87, 246, 128, 269], ['Gubésyefefemmmt', 123, 247, 258, 276], ['URC', 250, 252, 287, 277], ['PRAITIRTEATENMETN', 280, 251, 416, 279], ['gf', 85, 264, 110, 287], ['FygS', 103, 265, 128, 287], ['pig-', 122, 266, 163, 289], ['(FMEEE', 165, 271, 211, 290], ['GINEOGESP', 202, 271, 287, 293], ['BTIGSRTTTE', 280, 271, 384, 292], ['Oit', 85, 282, 126, 305], ['Gt', 122, 284, 142, 304], ['upFcaso-', 163, 288, 266, 309], ['jd', 256, 291, 285, 307], ['MABTARIPPIEENTR', 274, 287, 395, 312], ['INAAC', 287, 356, 328, 368]]"
0_217.jpg,"[['Gaa', 310, 108, 592, 161], ['Turrish', 325, 165, 428, 220], ['cast', 434, 168, 501, 220], ['Auction', 495, 170, 612, 218], ['DE', 497, 157, 519, 172], ['00', 571, 155, 596, 171], ['rimin', 525, 240, 577, 255], ['pn', 535, 231, 561, 247], ['citçGe', 559, 231, 611, 248], ['pmans', 577, 242, 618, 254], ['a-EGos', 309, 215, 417, 265], ['63', 314, 255, 351, 279], ['6000', 363, 243, 423, 283], ['S3Lse', 408, 224, 527, 281], ['AIA', 20, 349, 80, 403]]"
0_203.jpg,"[['EA', 311, 147, 333, 162]]"
0_149.jpg,"[['AUDITIONG', 338, 494, 440, 520], ['PR', 438, 491, 470, 517], ['SPRING', 282, 509, 461, 564], ['PLAY', 461, 503, 583, 556], ['SUIRU6', 891, 635, 947, 654], ['3077065', 889, 656, 948, 678], ['11', 297, 672, 322, 690], ['IDLAhT', 281, 688, 335, 707], ['TAI', 278, 709, 303, 732], ['DHU', 298, 710, 336, 730], ['LEE', 297, 732, 335, 747], ['PASTINI', 671, 668, 737, 703], ['Lesm', 674, 702, 735, 732], ['SELIS', 676, 729, 733, 756], ['NEST', 851, 835, 900, 859], ['SUOTIO', 839, 856, 909, 882]]"
0_161.jpg,"[['OTHSERE', 441, 16, 574, 67], ['OmTOA', 721, 41, 807, 67], ['GMS', 723, 60, 809, 82], ['nute', 976, 59, 1019, 75], ['on', 978, 76, 1021, 91], ['ORGANIC', 168, 87, 819, 241], ['FLRGANIC,', 171, 179, 792, 376], ['309', 864, 377, 974, 435], ['STOP', 867, 428, 962, 457], ['DE', 857, 460, 897, 487], ['ATE', 928, 461, 977, 485], ['LOCALIY', 174, 302, 525, 463], ['GROWN', 519, 306, 800, 455], ['VEGGMES', 197, 691, 317, 716], ['PRIRMEN', 214, 718, 310, 743], ['AGRIVELE', 201, 743, 321, 775], ['FORGIMINC', 667, 680, 778, 702], ['FROULES', 663, 701, 778, 726]]"
0_175.jpg,"[['TRAIL', 689, 695, 780, 728], ['CLOSED', 675, 718, 808, 758], ['DU', 646, 751, 681, 777], ['RI6T', 678, 754, 728, 781], ['YOURADE', 726, 756, 841, 792], ['MAINTEMANCE', 634, 782, 849, 828], ['GTeR', 663, 824, 695, 841], ['EmH', 692, 828, 720, 844], ['B6', 716, 831, 735, 845], ['CDoIT', 732, 834, 759, 847], ['Ma', 621, 834, 650, 851], ['semmpgs', 645, 837, 691, 856], ['Buses', 686, 842, 714, 858], ['Bade', 711, 846, 755, 862], ['eni', 755, 834, 780, 851], ['isoge', 776, 837, 810, 855], ['00', 802, 840, 819, 854], ['Daren', 815, 841, 848, 857], ['GHaN', 844, 844, 866, 859], ['CFed', 644, 851, 672, 872], ['Geu8dago', 666, 854, 732, 877], ['E6BG', 726, 862, 757, 879], ['One', 752, 849, 780, 866], ['GeR', 777, 853, 813, 869], ['GU', 809, 856, 827, 871], ['AApE', 823, 857, 853, 873], ['Gibo', 753, 864, 778, 881], ['So.', 774, 866, 790, 880]]"
0_163.jpg,"[['PESOD', 186, 142, 274, 216], ['DDIT', 788, 182, 853, 213], ['40', 51, 338, 80, 359], ['S0MI0DO0', 110, 360, 157, 375], ['FIND', 350, 202, 684, 386], ['SVI', 46, 405, 162, 445], ['LA', 175, 420, 192, 434], ['YOUR', 288, 332, 676, 477], ['NEW', 372, 448, 687, 589], ['0D0)', 152, 585, 194, 604], ['(PlM', 152, 601, 188, 621], ['$BU', 153, 617, 182, 639], ['FRIEND', 354, 567, 658, 719], ['BET', 405, 777, 461, 814], ['YOUR', 467, 777, 536, 812], ['PEINT', 540, 779, 623, 812], ['ADOPION', 458, 819, 566, 840]]"
0_177.jpg,"[['ACCEPTING', 786, 223, 933, 252], ['DONATIONS', 793, 283, 937, 311], ['FOOD', 196, 296, 265, 336], ['PANTRY', 190, 344, 285, 385], ['POICENT', 790, 458, 938, 494], ['Reclovon:', 813, 509, 880, 528], ['92', 886, 507, 908, 526], ['Doieriui:', 800, 549, 887, 571], ['36', 888, 548, 911, 567], ['Ooobclol6:', 797, 592, 882, 614], ['22""', 883, 588, 914, 610], ['Pebofle:', 811, 623, 881, 645], ['36', 882, 621, 907, 641]]"
0_188.jpg,"[['GELAATO', 373, 592, 517, 643], ['GELATO', 382, 643, 510, 696], ['GELATO', 372, 689, 525, 756], ['AHRN', 270, 772, 331, 795], ['GELATO!', 385, 758, 528, 810], ['4M9', 571, 774, 624, 796], ['DEA', 461, 846, 482, 859]]"
0_215.jpg,"[['MITI', 700, 309, 846, 356], ['AtD', 250, 421, 283, 433], ['FLAMENCO', 455, 735, 577, 761], ['DANCE', 455, 761, 524, 791], ['SROW', 524, 761, 582, 789]]"
0_201.jpg,"[['de', 281, 162, 336, 198], ['VIEENEISE', 331, 137, 610, 201], ['APPEELSTRUDEEL', 273, 229, 678, 291], ['PENIGADROT', 370, 291, 469, 306], ['VAPTADTEUIUE', 477, 291, 585, 306], ['AUDIA', 71, 374, 138, 393], ['DPma', 77, 397, 139, 419], ['WIOAU-SAI', 437, 368, 533, 387], ['WoiKUAN', 457, 384, 516, 402], ['tarnf', 472, 403, 515, 418], ['qUatr)', 456, 417, 524, 429], ['PALLA', 449, 428, 529, 443], ['0A', 284, 388, 313, 405], ['17', 326, 422, 339, 432], ['MEe', 365, 444, 395, 456], ['BoR', 317, 447, 353, 463], ['don', 365, 452, 396, 467], ['DARL', 807, 470, 837, 487], ['anhting', 192, 451, 234, 466], ['BEMGA', 185, 462, 238, 486], ['DAA', 195, 501, 227, 522], ['FOFRE', 192, 515, 230, 534], ['(I-aap', 185, 561, 229, 581], ['mnon', 71, 470, 131, 488], ['UGO', 81, 484, 143, 502], ['Painnh', 70, 502, 133, 520], ['MauvhOn', 75, 519, 149, 537], ['Aiu', 81, 537, 139, 552], ['AAA', 78, 550, 137, 568], ['oullahnw', 78, 570, 146, 588], ['Diyeunumhp', 180, 574, 234, 593], ['PHHtC', 85, 586, 134, 601], ['heiedemghs', 83, 600, 144, 612], ['SDc', 80, 612, 139, 627], ['RMRKNS', 76, 628, 147, 643], ['an', 755, 524, 779, 536], ['AV', 805, 664, 841, 675], ['onA', 849, 710, 921, 729], ['AAARARMh', 836, 725, 929, 744], ['GTN', 856, 744, 921, 756], ['mulVlant', 852, 758, 928, 773], ['dINI', 869, 772, 916, 791], ['Cofipho', 858, 795, 925, 822], ['emalhen', 871, 836, 922, 848], ['din', 863, 848, 905, 860], ['onru-aNIBS', 856, 862, 938, 877], ['ann', 874, 858, 895, 867], ['15', 900, 858, 921, 867], ['anuy', 870, 874, 885, 883], ['MDMA', 889, 873, 929, 884], ['uER', 868, 881, 902, 892], ['oice', 896, 881, 933, 892], ['wo', 870, 888, 931, 900], ['MTAROI', 873, 897, 926, 908], ['oenr', 894, 906, 926, 917], ['adipcan', 877, 915, 925, 927], ['CenRInw', 873, 927, 933, 938], ['nom', 867, 938, 897, 950], ['MODIE', 897, 937, 942, 949], ['1411', 108, 753, 246, 805]]"
0_228.jpg,"[['TIINETFNN', 404, 109, 534, 170], ['tes', 525, 151, 584, 177], ['TURKISH', 434, 168, 600, 222], ['DELIGHHTS', 338, 227, 691, 311], ['FESTIVAL', 383, 326, 657, 382], ['500', 322, 386, 375, 413], ['WWN', 411, 399, 445, 419], ['TAIISE', 445, 401, 487, 417], ['VEIERISALE.CN', 487, 402, 620, 416], ['FILUCENS', 645, 456, 757, 481], ['DEE', 643, 478, 717, 508], ['ts', 453, 488, 485, 499], ['WTIRROLDAN:', 431, 530, 526, 544], ['MMATFNONID', 440, 541, 514, 556], ['AGimil', 415, 615, 469, 627], ['OA', 952, 653, 980, 669], ['1E9', 800, 796, 837, 812], ['AANE', 885, 786, 931, 810], ['tlg', 779, 808, 811, 824], ['40', 808, 808, 838, 834], ['ane', 39, 790, 83, 805], ['ARWEUE', 40, 801, 93, 813], ['MGILN', 34, 808, 94, 823], ['nHann', 35, 818, 78, 833], ['nal', 96, 818, 129, 834], ['30', 32, 825, 95, 855], ['UHIGMF', 217, 782, 275, 801], ['PEWMEI', 307, 784, 365, 802], ['AMILEAIS', 216, 793, 278, 811], ['GTEN', 300, 795, 365, 813], ['iar', 208, 810, 234, 826], ['300', 201, 813, 274, 844], ['noar', 300, 820, 328, 832], ['GumND', 470, 794, 530, 816], ['eRY', 473, 816, 529, 831], ['2S0', 472, 825, 531, 852], ['mIga', 666, 791, 730, 809], ['CMERIODIUG', 665, 807, 730, 825], ['eaS', 667, 819, 702, 834], ['BTALHONHEY', 301, 809, 362, 824], ['60', 320, 820, 363, 854], ['T4D9', 635, 901, 726, 946], ['EAIDAT', 639, 928, 711, 967], ['0a', 643, 956, 718, 990]]"
0_200.jpg,"[['30', 458, 426, 486, 445], ['GOMBDC', 452, 467, 505, 486], ['MAUG', 499, 467, 542, 486], ['CAGS', 541, 467, 585, 486], ['CADAD', 447, 485, 499, 508], ['BIGU', 498, 484, 534, 508], ['DOISGB', 532, 485, 585, 507], ['AAGG', 462, 503, 506, 523], ['ALEEGCE', 506, 504, 574, 523]]"
0_214.jpg,"[['M4', 460, 284, 637, 359], ['CHIINESE', 486, 371, 572, 390], ['TEA', 575, 369, 619, 392], ['CEREMERY', 621, 370, 728, 391], ['mAU', 601, 412, 625, 425], ['Ki', 636, 410, 662, 426], ['9u', 622, 534, 638, 545], ['FN', 121, 562, 149, 581]]"
0_189.jpg,"[['WKE', 187, 9, 271, 31], ['Rees', 77, 79, 128, 111], ['CCALN', 39, 104, 171, 168], ['DII', 43, 146, 70, 170], ['SBESDA', 62, 135, 130, 169], ['DIC', 41, 166, 85, 199], ['ILAEHUA', 79, 154, 164, 192], ['BONCUIE', 63, 182, 139, 216], ['Salk', 51, 203, 148, 244], ['drfa', 382, 79, 443, 101], ['TURRSISH', 200, 71, 514, 180], ['DELLIGHT', 521, 95, 768, 186], ['à.', 374, 172, 432, 198], ['TEUISE', 247, 188, 448, 245], ['DEASTING', 463, 196, 725, 256], ['S64', 691, 683, 727, 708], ['ADUBIA', 717, 686, 786, 708], ['BO', 784, 687, 812, 709], ['SEIKA', 690, 722, 747, 745], ['STBEB', 750, 723, 810, 746], ['TMNOGCRI', 689, 749, 764, 767], ['ELE', 761, 748, 783, 768], ['BDD', 781, 748, 809, 769], ['TALEADPIDU', 689, 770, 763, 789], ['-O00', 767, 772, 808, 792], ['ALROTII', 690, 792, 755, 810], ['S0D', 767, 794, 807, 814], ['BUBOHmDE', 689, 814, 753, 832], ['$89', 776, 817, 806, 838], ['IA', 690, 836, 707, 849], ['ardye', 720, 837, 767, 853], ['VAIA', 866, 750, 902, 766]]"
0_176.jpg,"[['OMMMUNITY', 319, 456, 558, 498], ['THEATR', 568, 458, 715, 501], ['AT', 182, 492, 204, 510], ['IeT', 176, 538, 210, 563], ['CATEME', 429, 498, 518, 528], ['PEFHAHINCE', 522, 498, 638, 530], ['EFOK', 479, 530, 522, 549], ['MILAC', 752, 503, 808, 526], ['AMEWHE', 650, 522, 730, 544], ['CAGE', 749, 522, 818, 545], ['2-A0', 714, 542, 773, 565], ['CER', 779, 543, 816, 564], ['MIAVOV', 312, 520, 391, 542], ['020:510M', 269, 540, 371, 562], ['wuITI', 398, 592, 569, 613], [""1.'//"", 563, 593, 643, 612], ['-asn', 846, 597, 888, 608], ['EASN', 784, 701, 823, 713]]"
0_162.jpg,"[['PICNIC', 352, 275, 531, 314], ['AREA', 557, 273, 699, 317], ['PICNIC', 802, 466, 900, 500], ['ARA', 906, 472, 973, 499], ['PEBUNIAS', 46, 510, 90, 522], ['PARNO)', 89, 510, 134, 522], ['nenur', 192, 587, 230, 602], ['RIEOINE', 48, 585, 118, 596], ['0TL', 45, 616, 79, 628], ['remn', 77, 616, 103, 628], ['m)', 101, 616, 133, 628], ['LTLELEAAS', 67, 625, 111, 636], ['NO', 802, 604, 857, 637], ['ALCOHOL', 856, 607, 978, 636], ['50)', 957, 687, 1000, 717]]"
0_139.jpg,"[['MAKIT', 503, 639, 577, 665], ['OA', 520, 660, 561, 676], ['Gy', 531, 671, 550, 683], ['fo', 516, 705, 536, 724], ['Org', 532, 705, 577, 724], ['COMMBUNITOOD', 687, 668, 963, 732], ['YARDSALE', 690, 750, 946, 852], ['SFP', 887, 879, 948, 915]]"
0_105.jpg,"[['AD)', 456, 89, 858, 290], ['YOUR', 262, 296, 503, 383], ['TRINKETS', 508, 298, 890, 379]]"
0_111.jpg,"[['Boooys', 372, 726, 613, 852], ['oF', 476, 816, 520, 852], ['OPELLLS', 375, 852, 602, 936]]"
0_110.jpg,"[['IAIAA', 777, 449, 819, 464], ['SAFE', 540, 596, 661, 644], ['HAVEN', 543, 646, 678, 690], ['Homi', 531, 691, 561, 708], ['oetor!', 558, 691, 601, 710], ['Ime', 597, 694, 619, 711], ['rimmnnl', 617, 695, 655, 711], ['Nue', 653, 694, 684, 714]]"
0_104.jpg,[]
0_138.jpg,"[['BOOK', 420, 218, 580, 277], ['DINAIN', 432, 299, 634, 372], ['DRIVE', 656, 299, 840, 372]]"
0_112.jpg,"[['yannasumnanuasAp', 226, 902, 464, 941], ['rinliemsinfifinimmminin', 263, 937, 436, 969], ['4.', 355, 943, 369, 953], ['Monthimmamnianon', 237, 969, 352, 990], ['noomamm', 355, 969, 464, 991], ['ENTER', 679, 880, 810, 936], ['AT', 601, 946, 668, 1003], ['YOUR', 675, 947, 777, 1000], ['RISK', 785, 945, 874, 1000]]"
0_106.jpg,"[['AAA', 479, 152, 506, 169], ['TIMETRAWEL', 643, 255, 779, 277], ['MhE', 786, 440, 818, 457], ['NEXTSTOP:', 584, 539, 839, 584], ['ANCIENT', 532, 588, 747, 638], ['ROME', 763, 588, 902, 640], ['MLTNNN', 557, 723, 868, 852]]"
0_107.jpg,"[['MAGIC', 477, 128, 632, 199], ['CARPETT', 396, 169, 586, 235], ['RIDE', 581, 188, 680, 247]]"
0_113.jpg,"[['VIRTUAL', 567, 108, 716, 179], ['AMEADET', 592, 123, 850, 247], ['MIA', 239, 479, 287, 498], ['AHHA', 284, 479, 328, 499], ['MNE', 196, 512, 229, 527], ['11MN', 942, 646, 998, 665], ['111:', 336, 679, 406, 697]]"
0_117.jpg,"[['ROBOTIC', 221, 100, 463, 132], ['UPRRISINCE', 501, 100, 817, 132], ['in', 145, 325, 169, 341], ['JOIN', 383, 447, 505, 496], ['THE', 522, 447, 628, 497], ['RESISTTANCE', 349, 508, 685, 550], ['aA', 1, 742, 26, 758], ['WIA', 1, 775, 27, 791], ['aona', 123, 792, 169, 808]]"
0_103.jpg,"[['EXPERMENTAL', 350, 314, 582, 353], ['INVENTIONS', 359, 362, 595, 427], ['IAU', 920, 817, 946, 834]]"
0_102.jpg,"[['ZOMBEAPCALPSE', 67, 128, 461, 227], ['SAFE', 117, 224, 267, 305], ['ZONE', 269, 227, 417, 326], ['NO', 155, 335, 250, 405], ['ENTRI', 246, 334, 393, 410], ['AANER', 560, 353, 627, 380], ['WEPIL', 563, 370, 636, 405], ['NI', 604, 393, 634, 410], ['WITHOOUT', 112, 414, 342, 460], ['ID', 364, 407, 421, 456], ['EONE', 918, 487, 972, 514], ['ay', 925, 464, 975, 488], ['LOBCE', 217, 569, 358, 625], ['DEFTE', 256, 653, 369, 705], ['ESiCr', 141, 806, 306, 899], ['SWN.', 212, 815, 261, 849], ['RERD', 119, 847, 205, 909]]"
0_116.jpg,"[['NAA', 546, 246, 602, 265]]"
0_114.jpg,"[['JADOPTADRAG', 349, 269, 1024, 438], ['COGGl', 3, 637, 58, 649], ['BIODEU', 2, 649, 61, 664], ['npet', 5, 667, 63, 679], ['000', 0, 684, 15, 697], ['Goa', 8, 682, 38, 698], ['017', 0, 696, 17, 709], ['Bun', 16, 696, 42, 709], ['LLE', 1, 706, 33, 728], ['AANnni', 388, 645, 450, 660], ['AOMDOLDOA', 373, 658, 467, 677], ['DAPOTIC', 371, 676, 463, 698], ['PEET', 370, 700, 464, 737], ['SH9', 377, 736, 457, 766], ['OELO', 819, 682, 851, 699], ['0006', 843, 683, 882, 699], ['OFIET', 822, 697, 876, 716], ['IWNA', 741, 763, 792, 774], ['DOA', 738, 769, 796, 787], ['WD010', 745, 802, 785, 817], ['6rn', 749, 816, 779, 832], ['DAJOII', 742, 831, 788, 846], ['K30100G,0', 730, 859, 789, 874]]"
0_128.jpg,"[['FIFPOT', 595, 244, 675, 273], ['CYBER', 511, 257, 595, 304], ['SHOPPI', 597, 255, 699, 297], ['21845', 943, 310, 1008, 341], ['BES', 29, 353, 102, 387], ['MAINYELIGDO', 64, 391, 164, 413], ['FOla', 560, 346, 611, 365], ['STMPENE', 612, 346, 689, 365], ['SQ', 721, 351, 752, 372], ['EALDMMIIMAB4', 137, 365, 269, 402], ['Ja', 732, 369, 754, 389], ['Bre', 425, 424, 458, 439], ['UIMERUEE', 290, 618, 385, 659], ['CFPEFIST', 70, 673, 162, 711], ['337', 158, 666, 192, 691]]"
0_129.jpg,"[['INTERIENSOALCAPE', 130, 136, 886, 201], ['QUNETEMINIIONM', 269, 253, 589, 292], ['CoffEE', 605, 253, 750, 292]]"
0_115.jpg,"[['SHIAP', 421, 617, 456, 629], ['WIZARDRG', 529, 769, 815, 844], ['SCHOOL', 571, 839, 807, 922]]"
0_101.jpg,"[['Vamppire', 581, 70, 1017, 233], ['apere', 0, 187, 156, 283], ['Club', 5, 258, 144, 345], ['106', 775, 264, 825, 298], ['BLOOD', 732, 305, 861, 349], ['COCKTAILS', 700, 347, 902, 389], ['BARTE', 666, 465, 757, 516], ['Stune', 760, 464, 844, 515], ['&BPT', 845, 464, 929, 516], ['98,00', 700, 534, 798, 589], ['080000', 772, 538, 889, 583], ['Stpet', 702, 634, 792, 685], ['0000S', 797, 637, 888, 675], ['8990', 695, 779, 772, 827], ['(otugo', 772, 782, 871, 828]]"
0_118.jpg,"[['Happilly', 36, 647, 265, 744], ['EVER', 6, 740, 148, 835], ['AFtER', 132, 723, 310, 820], ['CKEL', 123, 787, 364, 942]]"
0_124.jpg,"[['Rcd', 157, 644, 197, 671], ['Wine', 194, 640, 245, 668], ['Tosting', 244, 641, 308, 668], ['BLOOD', 218, 707, 292, 730]]"
0_130.jpg,"[['ZO0E', 33, 156, 290, 295], ['EXTTEFIRALI', 607, 182, 899, 279], ['EHXIB', 885, 181, 1024, 264], ['(TERRNTITAL', 1, 304, 298, 394], ['IERMASIRIA,', 0, 415, 189, 492], ['EAO', 189, 433, 255, 491], ['MEN', 41, 566, 65, 575], ['ER201', 0, 686, 93, 720]]"
0_131.jpg,"[[""SCIENTST'S"", 318, 34, 654, 138], ['UNNATUIRAL', 277, 237, 765, 327], ['ONDERS', 301, 306, 803, 430], ['AIS', 1, 498, 32, 533], ['FATIIAV', 29, 489, 99, 532], ['COGSICIEPILLE', 95, 478, 265, 521], ['ENTIT', 271, 472, 354, 509], ['CORRASTREAL', 391, 475, 634, 506], ['ACUSETS)', 669, 479, 808, 518], ['MATI', 843, 491, 905, 531], ['TAENIES', 907, 496, 1018, 549], ['TINNAVRAL', 737, 877, 877, 925], ['WONDERRS', 749, 906, 868, 946]]"
0_125.jpg,"[['NIGHTMARE', 252, 567, 561, 645], ['ERDES', 528, 570, 685, 645]]"
0_119.jpg,"[['TRADE', 340, 182, 495, 253], ['UNIIVERSE', 507, 192, 721, 249], ['SWAP', 331, 257, 544, 359], ['MAET', 558, 258, 737, 353], ['enia', 206, 437, 238, 449], ['Im', 203, 446, 238, 461], ['oonrou', 201, 463, 257, 478], ['DrDIV', 206, 477, 258, 496], ['SPAVE', 0, 437, 76, 471], ['SMPE', 4, 467, 74, 498], ['Dm', 329, 451, 351, 463], ['TMDD', 607, 447, 659, 470], ['joutov', 604, 468, 664, 487], ['BLIY', 603, 485, 663, 507], ['COAGGEO', 793, 454, 866, 472], ['00012', 886, 451, 925, 463], ['Aans', 953, 452, 998, 464], ['naE', 129, 465, 163, 480], ['an', 128, 476, 162, 492], ['ntaung', 878, 463, 929, 478], ['SAED', 954, 461, 998, 476], ['jonoop', 875, 476, 932, 494], ['GSA', 374, 483, 400, 496], ['IGuD', 393, 482, 425, 498], ['RI', 317, 728, 350, 753], ['PAAIL', 685, 754, 735, 774], ['UMMMIRGSE', 678, 772, 753, 795], ['SWAP', 691, 794, 743, 818], ['SMAET', 674, 819, 743, 842], ['28', 106, 774, 144, 800], ['snt', 899, 884, 948, 899], ['00-5', 901, 892, 956, 919], ['RADE', 329, 960, 387, 991], ['YOUR', 400, 960, 459, 986], ['YOLUR', 358, 986, 423, 1012], ['DFALLIITY', 339, 1011, 441, 1024]]"
0_133.jpg,"[['-FRESHPROUCE', 127, 128, 645, 208], ['DAILY', 668, 129, 887, 209], ['IE', 70, 473, 96, 486], ['FRESH', 541, 494, 625, 528], ['PRODUCE', 523, 534, 645, 567], ['164', 291, 527, 364, 575], ['OPP.', 740, 515, 841, 557], ['46', 787, 542, 846, 585], ['(coh', 316, 668, 361, 692], ['MIPB', 311, 688, 365, 710], ['BD', 164, 804, 190, 822], ['MANV', 147, 861, 184, 886]]"
0_127.jpg,"[['ALE', 833, 146, 941, 199], ['ADP', 874, 189, 905, 206], ['ADVENTURE', 795, 188, 986, 246], ['XGAXARANIGAXGE', 469, 307, 582, 328], ['MMA', 452, 390, 480, 409], ['G0', 454, 407, 482, 423], ['IFaA', 641, 460, 684, 472], ['NDDE', 433, 564, 506, 602], ['TERN', 501, 565, 576, 600], ['PR', 511, 786, 549, 802]]"
0_126.jpg,"[['ur', 154, 91, 167, 100], ['DA', 257, 107, 276, 120], ['APDA', 271, 104, 314, 123], ['PEN', 281, 123, 303, 135], ['UOOZAE', 209, 318, 259, 337], ['Tdneion', 275, 328, 325, 344], ['AN', 209, 346, 259, 358], ['RAIN', 279, 344, 325, 359], ['Om', 204, 439, 240, 458], ['AIN', 304, 437, 339, 449], ['rae', 355, 442, 376, 454], ['Jetiro,', 252, 449, 294, 464], ['allew', 301, 447, 343, 462], ['MAGIC', 623, 456, 790, 522], ['MMDS', 226, 545, 275, 560], ['uRntma', 227, 562, 276, 577], ['INGREDIENIENTS', 586, 524, 837, 588], ['FOR', 619, 591, 708, 652], ['SALE', 702, 591, 807, 653], ['Whnh', 231, 654, 285, 677], ['an', 157, 678, 186, 695], ['MMTAW', 156, 691, 198, 707]]"
0_132.jpg,"[['DIDNDX', 630, 165, 879, 222], ['XINIC', 885, 155, 1024, 210], ['GMGnAn', 77, 221, 166, 235], ['DD)', 173, 211, 224, 234], ['ChINCzmne', 231, 207, 333, 229], ['200C', 415, 173, 607, 242], ['CUISIIINE', 282, 361, 688, 431], ['REas', 67, 446, 99, 468], ['ACROSSS', 303, 447, 676, 499], ['CENCTURIES', 278, 508, 683, 563], ['oDs', 11, 541, 94, 560], ['da', 211, 553, 248, 569], ['3580', 85, 572, 208, 612], ['""\'280', 493, 606, 593, 635]]"
0_136.jpg,"[['OPEN', 310, 223, 523, 304], ['MIC', 508, 224, 665, 303], ['I11', 313, 331, 375, 357], ['EvaNys', 385, 301, 581, 390], ['1/11', 604, 332, 671, 354], ['AE', 712, 368, 761, 396], ['abe', 714, 388, 763, 408], ['OFFE', 64, 383, 140, 426], ['+THURSDAY+', 315, 396, 663, 477], ['Dl', 856, 436, 882, 458], ['(INI', 182, 495, 217, 520], ['hIIO', 997, 555, 1022, 572], ['STPIR""SI391', 786, 713, 940, 775], ['Dp', 245, 890, 298, 918], ['39', 256, 918, 294, 939], ['SPI', 787, 906, 834, 948]]"
0_122.jpg,"[['INTESIARMAKPIAG', 306, 357, 733, 406], ['Ala', 356, 415, 392, 431], ['6A.', 411, 415, 431, 428], ['nuR', 426, 413, 459, 429], ['ME', 502, 421, 519, 435], ['MTHIHDA', 503, 411, 563, 426], ['MGNAGIA', 570, 411, 624, 429], ['BAAMI', 627, 417, 664, 432], ['TRADE', 353, 450, 446, 484], ['ACROSS', 447, 448, 557, 480], ['GALAXIES', 562, 450, 691, 486], ['aut', 179, 396, 222, 415], ['DE', 176, 413, 191, 422], ['BDI', 104, 409, 137, 437], ['IWATEDE', 818, 395, 863, 418], ['MEiateh', 411, 423, 459, 438], ['sde', 460, 424, 495, 436], ['Bun', 533, 421, 566, 436], ['RLAG', 571, 424, 603, 436], ['ARaNe', 625, 427, 687, 445], ['Ar', 947, 431, 955, 439], ['GBLAIAE', 867, 402, 947, 445], ['AS', 865, 445, 884, 457], ['EMMAIMAN', 814, 485, 885, 512], ['mID', 108, 499, 132, 517], ['ATPIOLRE', 130, 488, 202, 518], ['GUPBAIA', 881, 493, 953, 532], ['ES5T', 0, 543, 63, 600], ['IMPUE', 49, 559, 135, 621], ['MAANAL', 439, 567, 503, 579], ['DALARNIDHODAEID,', 503, 567, 599, 581], ['AE', 460, 589, 495, 601], ['RMAN', 494, 589, 533, 601], ['EHMMIWY', 532, 589, 577, 601], ['MOEINNA', 179, 588, 220, 607], ['MDAMA', 829, 589, 860, 605], ['EE', 701, 599, 749, 615], ['GAAIMPURETR', 874, 628, 946, 646], ['TU', 816, 654, 848, 665], ['AKINE', 854, 652, 897, 667], ['HAIBEII', 923, 649, 956, 664]]"
0_123.jpg,"[['NEEON', 96, 163, 183, 192], ['DREAMS', 93, 187, 184, 216], ['NEEON', 293, 157, 362, 183], ['DICAIND', 294, 179, 362, 202]]"
0_137.jpg,"[['SUPPORT', 298, 91, 740, 212], ['PUBLIC', 354, 222, 664, 323], ['EDUCATION', 293, 339, 742, 445], ['EDLHATIC', 178, 673, 268, 711]]"
0_121.jpg,"[['UNDERGCUNDRAGON', 272, 195, 772, 275], ['BETS', 273, 255, 402, 321], ['ACCEPPTED', 406, 248, 647, 301], ['HERE', 660, 260, 782, 325], ['141', 493, 365, 581, 416], ['DmI', 391, 533, 442, 572], ['INDE', 430, 528, 477, 561], ['IKSANH', 627, 532, 685, 563], ['HET', 670, 540, 709, 577], ['ENDI', 531, 573, 559, 594], ['AVN', 557, 575, 602, 595]]"
0_135.jpg,"[['11', 451, 328, 485, 344], [':s', 447, 382, 488, 393], ['AE', 446, 423, 471, 436], ['III', 817, 427, 840, 445], ['IE', 821, 456, 845, 473], ['NO', 520, 640, 568, 667], ['DOGS', 570, 642, 639, 665], ['ALLOWED', 529, 671, 637, 693]]"
0_109.jpg,"[['ZERER', 336, 53, 673, 127], ['GRAVITY', 285, 129, 540, 178], ['YOGA', 569, 125, 736, 183], ['A4b', 271, 201, 330, 219], ['SAWDIRE', 335, 203, 489, 218], ['PAaDaeRCAAUEDADA', 522, 203, 754, 218], ['AIBIM', 460, 323, 555, 345]]"
0_108.jpg,"[['OPLAION', 0, 95, 394, 272], ['HOSTS', 0, 235, 352, 366]]"
0_134.jpg,"[['SCHOOL', 231, 588, 491, 652], ['DNES', 218, 647, 493, 750], ['SLOW', 232, 740, 363, 788], ['DOWN', 371, 732, 503, 779]]"
0_120.jpg,"[['nnan', 524, 194, 577, 209], ['AGI', 253, 597, 297, 612], ['GHOSTS', 385, 760, 564, 825], ['ONLY', 561, 760, 668, 824], ['BEYONDTHIS', 348, 824, 596, 892], ['POINT', 588, 831, 699, 885]]"
0_147.jpg,"[['TOWN', 417, 504, 507, 533], ['HOLL', 512, 504, 591, 533], ['TR', 238, 777, 297, 789], ['9xyT', 239, 790, 294, 802], ['AML', 741, 795, 790, 807], ['IAMA', 748, 781, 782, 793], ['TOWN', 467, 794, 555, 823], ['MEETING', 444, 826, 584, 854], ['TONIGHT', 452, 860, 585, 885], ['A7', 451, 889, 501, 926], [""PM'"", 503, 890, 572, 925]]"
0_153.jpg,"[['FREE', 84, 325, 217, 380], ['BUS', 101, 393, 203, 446], ['FOR', 131, 458, 191, 490], ['SENIORS', 90, 502, 210, 527], ['CITY', 713, 741, 818, 778]]"
0_184.jpg,"[['CROISCINT', 302, 482, 518, 507], ['COFFEE', 560, 476, 708, 509]]"
0_190.jpg,"[['lt', 196, 20, 207, 31], ['61', 137, 56, 154, 69], ['CONTEPMPARYKOREANRT', 213, 249, 835, 297], ['EEO', 936, 299, 970, 317], ['0G9', 933, 311, 971, 330], ['0A094', 419, 305, 488, 328], ['94', 486, 305, 530, 330], [':e', 554, 303, 612, 330], ['nV', 835, 848, 873, 873]]"
0_219.jpg,"[['aco', 498, 147, 569, 166], ['AJ', 636, 144, 670, 169], ['Unaunansnanay', 404, 161, 669, 196], ['PAD', 443, 181, 542, 251], ['THAI', 550, 201, 645, 246], ['PAD', 308, 243, 385, 292], ['THAI', 386, 246, 476, 288], ['COOKING', 491, 251, 635, 290], ['DEMO', 643, 252, 743, 294], ['d..', 564, 293, 592, 314], ['otcolonomusgy', 386, 307, 477, 325], ['ehamtubutumuobou', 499, 305, 685, 326], ['Des', 36, 335, 66, 355], ['UAD', 32, 378, 64, 400], ['SALGODEVA', 617, 420, 768, 448], ['EA', 630, 449, 661, 461], ['ADAAA', 626, 456, 695, 475], ['TAO9ON', 698, 457, 766, 475], ['pmull', 767, 457, 811, 476], ['Gula', 799, 508, 845, 523], ['otorum', 154, 564, 220, 590], ['binn', 151, 588, 200, 612], ['IE', 197, 594, 218, 612], ['94', 149, 608, 214, 638], ['mw', 795, 573, 850, 591], ['1GA', 411, 751, 444, 766], ['Gitnmn', 465, 749, 524, 768]]"
0_225.jpg,"[['ifAA', 405, 134, 684, 202], ['MMNT', 452, 191, 592, 251], ['TEA', 591, 203, 687, 252], ['TEATING', 490, 255, 628, 287], ['d1lIErJ', 505, 298, 623, 327], ['3586,6L4999', 505, 333, 616, 355]]"
0_224.jpg,"[['1m', 291, 226, 333, 242], ['TT', 274, 280, 336, 302], ['uI', 186, 249, 231, 273], ['mm', 189, 316, 236, 344], ['DUNEANECNGIIMNNZ', 677, 522, 841, 551], ['DIA', 601, 536, 671, 592], ['DE', 666, 539, 721, 598], ['LOMUERTOS', 718, 549, 935, 617], ['CELEEBRATION', 646, 593, 876, 662], ['MITNGI', 687, 643, 728, 666], ['MIGt', 723, 649, 751, 671], ['KLGIDOIDUIA', 743, 652, 828, 678], ['He', 694, 707, 712, 720], ['twk', 706, 706, 747, 729], ['pas', 733, 699, 827, 741], ['B6', 837, 726, 880, 750], ['mbane', 879, 732, 923, 751], ['Lun', 795, 751, 817, 766], ['glo', 770, 788, 811, 811], ['UIIRC', 652, 763, 692, 783], ['mm', 881, 801, 909, 817]]"
0_218.jpg,"[['ARGENTINIAN', 471, 336, 682, 364], ['TANGO', 453, 365, 603, 401], ['IGHT', 610, 364, 705, 402], ['CO', 863, 399, 907, 435], ['AÇO', 899, 411, 952, 444], ['Uo1o', 950, 418, 1000, 451], ['HME', 460, 633, 496, 649], ['Snte', 462, 646, 492, 657], ['wtau', 766, 737, 811, 749], ['GdE', 812, 736, 838, 748]]"
0_191.jpg,"[['Ac', 894, 187, 939, 211], ['AT9', 937, 189, 1003, 212], ['36', 1001, 187, 1024, 210], ['TCNT', 891, 217, 972, 250], ['Ga', 970, 218, 1024, 254], ['RRET', 892, 255, 976, 298], ['67', 888, 294, 919, 322], ['Chwn', 912, 300, 957, 319], ['GIRGAD', 959, 301, 1018, 320], ['G6', 921, 323, 948, 344], ['Get', 945, 322, 1002, 344], ['@s', 998, 324, 1024, 346], ['SUMNTFT', 921, 345, 993, 363], ['mmnt', 991, 348, 1024, 364], ['sde', 368, 131, 706, 235], ['SAMOSA', 322, 229, 550, 286], ['SPECIAL', 579, 229, 791, 283], ['EV6DI', 228, 436, 298, 458], ['BTO', 230, 459, 278, 479], ['HGL', 259, 476, 301, 495], ['6501D', 263, 488, 302, 504], ['sat', 237, 509, 302, 536], ['503', 243, 531, 299, 554], ['EEVT', 240, 557, 307, 576], ['32', 326, 561, 364, 580], ['ag', 361, 561, 394, 582], ['FRE', 243, 573, 310, 591], ['AMETI', 242, 588, 316, 615], ['065', 324, 585, 358, 605], ['CIOuE', 355, 586, 401, 605], ['0IMI', 802, 501, 833, 517], ['Vos', 794, 574, 811, 583], ['oN', 784, 589, 813, 600], ['uT', 811, 587, 835, 600], ['Gg', 809, 597, 836, 613], ['DRET', 779, 620, 812, 635], ['SAE', 809, 621, 827, 634], ['PHA', 778, 635, 810, 646], ['BINE', 780, 647, 809, 658], ['ina', 323, 543, 366, 562], ['fre', 360, 533, 397, 565], ['erGu!)', 658, 580, 716, 599], ['anpisin', 669, 596, 710, 607], ['Far', 329, 603, 377, 619], ['More', 327, 615, 371, 631], ['ray', 369, 615, 399, 632], ['vVw', 325, 640, 353, 656], ['00', 375, 639, 398, 656], ['S0', 375, 652, 399, 669], ['WT', 376, 667, 399, 684], ['ge', 378, 680, 399, 697], ['me', 326, 695, 350, 708], ['5D', 377, 695, 398, 708], ['UAT', 325, 707, 350, 720], ['EI', 378, 707, 397, 721], ['DPAN', 323, 718, 350, 734], ['D3', 356, 720, 372, 733], ['DD', 373, 718, 398, 734], ['ur', 324, 754, 351, 767], ['DIN', 375, 755, 396, 767], ['MIOGnET', 449, 619, 483, 631], ['OFNEVS', 644, 734, 696, 751], ['A9g', 691, 733, 740, 753], ['BESorCaA', 518, 740, 643, 769], ['DMAT', 742, 751, 776, 771], ['EI', 772, 749, 809, 773], ['GAN', 791, 772, 841, 795], ['aet', 742, 798, 791, 825], ['post', 791, 798, 840, 822], ['QT', 746, 858, 795, 882], ['SRYCT', 794, 857, 843, 884]]"
0_185.jpg,"[['DHAD', 67, 280, 101, 300], ['DADI', 643, 418, 696, 440], ['uN1S', 221, 696, 261, 712], ['BTEMA', 262, 694, 317, 712], ['DB-86', 196, 714, 255, 737], ['BPANBNO', 243, 714, 313, 736], ['BN-STANCA', 195, 738, 317, 767], ['DE', 188, 766, 234, 801], ['RUISDIO', 232, 767, 320, 800], ['TARSON', 193, 798, 311, 834], ['BOIBODOATINLADIDN', 198, 836, 317, 851], ['PN', 338, 836, 381, 851], ['TANGO', 738, 739, 825, 773], ['LESSONS', 732, 773, 840, 809], ['TONIGHT', 730, 808, 839, 840]]"
0_152.jpg,"[['DISSOUNT', 464, 176, 773, 273], ['SPPECIAL', 178, 190, 457, 287], ['TPE', 149, 370, 324, 452], ['OPSCIAL,', 81, 527, 141, 546], ['scrcon', 72, 542, 143, 564], ['orp', 80, 560, 121, 583], ['9199', 77, 585, 142, 620], ['a4', 101, 611, 135, 629], ['S021', 202, 548, 241, 563], ['ave', 246, 573, 268, 582], ['AIO0D', 199, 578, 242, 593], ['mV', 243, 579, 269, 596], ['0e709', 191, 592, 232, 604], ['Gagna', 835, 578, 873, 590], ['SOPE', 830, 586, 876, 609], ['7.99', 828, 605, 879, 637], ['myom', 445, 626, 483, 638], ['OPE', 440, 635, 483, 658], ['999', 440, 657, 484, 693], ['oquer', 740, 653, 779, 665], ['SB6', 735, 660, 780, 688], ['1899', 736, 685, 779, 714]]"
0_146.jpg,"[['ANIMAL', 282, 197, 469, 247], ['SHELTER', 274, 241, 472, 291], ['SAPIEDP', 326, 572, 409, 594], ['O-PET', 344, 633, 400, 655], ['ADOPTION', 685, 608, 926, 657], ['ADOPTION', 694, 690, 836, 722], ['EVENT', 840, 689, 932, 722], ['SATURDAY', 709, 725, 914, 764]]"
0_178.jpg,"[['Early', 215, 526, 360, 590], ['Bird', 369, 521, 482, 582], ['Registration', 196, 585, 495, 649], ['sh', 524, 733, 546, 752]]"
0_150.jpg,"[['VOLUNEER', 458, 236, 1024, 473], ['NEEDED', 442, 478, 1024, 785]]"
0_144.jpg,"[['mmm', 408, 75, 488, 86], ['(o', 411, 198, 437, 210], ['09', 686, 197, 715, 209], ['UN', 18, 225, 40, 238], ['wuti', 435, 365, 485, 385], ['uE', 571, 364, 630, 386], ['SIALE', 641, 365, 690, 384], ['mm', 25, 435, 51, 448], ['LIVE', 228, 681, 305, 729], ['MUSIC', 212, 727, 339, 792], ['FESTIVAL', 208, 781, 347, 841], ['1HIS', 256, 822, 307, 854], ['WEEKEND', 215, 837, 356, 903]]"
0_193.jpg,"[['89:90', 922, 568, 980, 586], ['8RR18', 691, 665, 768, 691], ['mefAi', 697, 691, 768, 703], ['BFER', 149, 728, 222, 747], ['NeSAisga', 148, 742, 224, 757], ['LUNAR', 862, 887, 946, 913], ['NEW', 950, 886, 1005, 914], ['CEBBOhAIIC', 864, 916, 956, 934], ['CELEB60', 959, 915, 1024, 934], ['CuNoroIG', 872, 936, 949, 955], ['CELRBAT', 952, 935, 1024, 957]]"
0_187.jpg,"[['CAIPIRINHA', 128, 413, 423, 491], ['Houx', 296, 496, 425, 587], ['AIQUAO', 284, 787, 390, 840]]"
0_226.jpg,"[['eal', 587, 292, 675, 343], ['CMa1ige', 667, 287, 774, 346], ['FRENCH', 625, 427, 754, 463], ['WIINE', 591, 466, 776, 517], ['eR', 585, 520, 664, 546], ['&c', 665, 510, 797, 561], ['CHEESE', 570, 556, 804, 613], ['PAIRING', 609, 626, 759, 659], ['Bo', 627, 732, 675, 755], ['duhyg', 682, 731, 748, 761], ['nEANE', 85, 911, 159, 929]]"
0_227.jpg,"[['A80', 0, 67, 39, 91], ['-4', 927, 121, 939, 131], ['Pr', 922, 155, 945, 173], ['El', 922, 173, 941, 191], ['69', 207, 224, 235, 240], ['OH', 2, 253, 35, 280], ['de', 805, 316, 824, 329], ['25', 804, 357, 827, 369], ['0a', 805, 368, 826, 380], ['ee', 806, 397, 827, 410], ['MFTTATEFYIT', 82, 483, 176, 508], ['39t', 481, 578, 577, 615], ['2E/', 481, 620, 557, 654], ['au', 768, 794, 788, 808], ['21', 770, 823, 788, 835], ['A492', 314, 889, 380, 920], ['9818', 311, 916, 374, 946]]"
0_186.jpg,"[['Suacpibns.', 591, 177, 695, 199], ['SPICY', 419, 235, 520, 276], ['THAI', 387, 282, 541, 341], ['STREET', 364, 345, 477, 381], ['FOOD', 488, 345, 578, 382], ['donnal', 601, 573, 652, 588], ['thmbohe', 599, 587, 653, 605], ['anaunas', 667, 638, 796, 686], ['an', 762, 683, 782, 697], ['SPRAREANG', 299, 715, 373, 730], ['TR', 298, 731, 327, 747], ['RERE', 345, 729, 372, 741], ['puur', 301, 753, 329, 769], ['Orirmsats', 298, 765, 373, 787], ['NAT', 303, 788, 319, 797], ['uat', 345, 784, 374, 796], ['sui', 341, 805, 373, 820], ['DIROt', 299, 827, 337, 843], ['1omr', 340, 826, 376, 841], ['Mesa', 300, 859, 337, 871], ['hiugniratla.n', 452, 713, 567, 734], ['""IpmpNiAneNl', 454, 730, 565, 751], ['BOLpUTOI', 576, 719, 642, 742], ['AMCDN.bAImA', 480, 761, 563, 776], ['a0joe)', 579, 759, 638, 781], ['lome', 465, 775, 494, 786], ['npumDaflobrs', 455, 786, 562, 808], ['ofton', 584, 740, 636, 764], ['ONCID', 769, 796, 796, 809], ['Dot', 716, 820, 744, 842], ['Dufio', 752, 821, 790, 842], ['LITDI', 675, 826, 711, 845], ['Wr', 678, 849, 708, 861], ['ar', 695, 844, 708, 853], ['0s', 719, 843, 738, 856], ['Sony', 754, 845, 790, 861], ['Mm,', 678, 859, 709, 870], ['Ga0Iike', 753, 860, 792, 875], ['0440', 756, 871, 787, 883], ['ime', 678, 883, 712, 898], ['pao', 758, 881, 789, 892], ['ori', 722, 893, 743, 902]]"
0_192.jpg,"[['GI', 346, 170, 376, 190], ['EPRER', 369, 174, 416, 201], ['PUD', 361, 197, 406, 231], ['IRISSH', 356, 425, 516, 484], ['IRIISH', 529, 430, 653, 492], ['TRADDITIONAL', 93, 432, 345, 515], ['MUSISESSION', 656, 441, 855, 514], ['SAALLAID', 966, 484, 1024, 511], ['ANlo', 338, 513, 379, 532], ['GOh', 335, 527, 385, 550], ['pm', 108, 582, 133, 598], ['Prpl', 325, 600, 354, 622], ['FBON', 335, 627, 379, 652], ['DHD', 848, 626, 871, 643], ['SEUE', 847, 642, 874, 659], ['DynE', 105, 664, 142, 684], ['Sf', 106, 681, 137, 698], ['Bknts', 107, 696, 137, 713], ['6F6TS', 100, 709, 144, 728], ['DAmUAL', 327, 717, 394, 736], ['ODUATSINIGU', 312, 731, 406, 756], ['DDDANgussIg', 315, 759, 401, 781], ['EEPEDNDNET', 317, 776, 398, 801], ['AINTON', 584, 784, 665, 818], ['MD', 612, 807, 638, 823], ['TMOILAL', 583, 819, 663, 837], ['IDePl', 606, 834, 647, 853], ['MIRCCCI', 600, 849, 657, 868], ['AUGAGSJON', 580, 866, 667, 884]]"
0_145.jpg,"[['LOCAL', 215, 198, 523, 280], ['DINER', 568, 192, 810, 283], ['BREAKFAST', 91, 516, 371, 568], ['SPECIALS', 98, 569, 362, 626], ['UNTIL', 108, 630, 232, 674], ['11AM', 240, 627, 359, 676], ['OPEN', 475, 528, 550, 567], ['VeSI', 486, 575, 535, 603], ['LOCIAL', 654, 517, 886, 604], ['ea', 395, 619, 419, 628], ['SSPECIES', 646, 578, 917, 668], ['GNG-ASITAI', 752, 642, 862, 674], ['We', 677, 658, 718, 677], ['DSes', 722, 693, 783, 715], ['ten', 670, 718, 694, 730], ['Tn', 671, 712, 712, 724], ['rs', 670, 726, 696, 736], ['EXAS', 670, 732, 695, 744], ['Ara', 691, 732, 714, 744], ['QOK6', 864, 668, 923, 690], ['ITDT', 885, 708, 945, 720], ['ALAEAA', 366, 753, 400, 764]]"
0_151.jpg,"[['MEDICALCLINIC', 214, 124, 793, 211], ['FHUU', 413, 272, 593, 333], ['AVALABLE', 443, 335, 562, 356], ['FLU', 120, 437, 188, 468], ['SHOTS', 198, 438, 310, 467], ['AVAILABLE', 126, 471, 308, 499], ['MBSC', 539, 493, 586, 512]]"
0_179.jpg,"[['NEIGHBORHOOD', 641, 410, 806, 442], ['ASSOSICIATION', 816, 410, 1005, 442], ['ANNUAL', 716, 477, 889, 520], ['BLOCKZ', 668, 515, 963, 612], ['PARTY', 680, 573, 925, 669]]"
0_155.jpg,"[['PUBLIC', 451, 117, 585, 155], ['LIBRAY', 263, 157, 761, 244], ['iln', 216, 599, 324, 631], ['STORY', 214, 652, 307, 681], ['TIME', 220, 683, 291, 714], ['for', 216, 715, 251, 740], ['Kds', 248, 711, 296, 738]]"
0_141.jpg,"[['STUO6OE', 422, 467, 486, 485], ['CHIPPE', 489, 467, 547, 485], ['STUDENT', 176, 836, 256, 855], ['ART', 255, 832, 296, 855], ['EXHIBITION', 176, 854, 327, 882]]"
0_169.jpg,"[['CELEBRATING', 276, 298, 719, 427], ['nosDIn', 744, 365, 816, 380], ['O000E', 743, 468, 828, 490], ['DIVERSSITY', 285, 386, 719, 545], ['Terohe!', 79, 683, 145, 709]]"
0_196.jpg,"[['CIESTAMTIMIRINNT', 858, 648, 951, 667], ['DICTOPMIA', 853, 675, 955, 704], ['ONALOATUA', 853, 695, 954, 717], ['nODODA', 854, 710, 954, 730], ['RODUDEEGOU', 855, 724, 953, 743], ['Gmarnomp', 862, 746, 941, 761], ['TAARZINVPNEEN', 861, 757, 947, 771], ['LEnonostunaa', 855, 771, 954, 785], ['FUTWUTIM', 872, 816, 935, 828], ['IE', 868, 825, 940, 837], ['WETINSARANR', 873, 850, 933, 862], ['omramuTA', 869, 860, 940, 871], ['MEATTATIRMETNPNA', 866, 868, 940, 879], ['fn', 888, 880, 919, 892]]"
0_182.jpg,"[['a6', 291, 59, 324, 80], ['an', 783, 384, 805, 397], ['SI', 839, 382, 868, 398], ['#P', 649, 371, 665, 384], ['5€', 648, 386, 666, 400], ['Hn', 268, 375, 322, 393], ['Mate', 265, 392, 317, 407], ['19', 125, 507, 150, 523], ['aso', 122, 524, 166, 547], ['05', 122, 546, 157, 571], ['0y', 42, 594, 81, 609], ['1555D7', 27, 756, 163, 784]]"
0_223.jpg,[]
0_222.jpg,"[['PAMA', 411, 234, 496, 287], ['CINAM', 485, 253, 582, 302], ['STOI', 582, 277, 646, 318], ['LO', 641, 290, 681, 327], ['AOlIOsoT', 679, 292, 794, 354], ['hu', 645, 470, 692, 499], ['GGAINLIA', 429, 490, 501, 513], ['oy', 429, 509, 466, 528], ['buh', 465, 513, 496, 533], ['Mieren', 496, 508, 543, 523], ['EMI', 496, 517, 523, 534], ['gO1II', 501, 497, 564, 519], ['ODI', 519, 517, 560, 536], ['TUIMAA', 685, 513, 724, 533], ['MMGOuN', 723, 518, 789, 537], ['no', 712, 535, 736, 548], ['BAllet', 734, 536, 761, 549], ['MGAIMALAI', 696, 579, 786, 598], ['muutancione', 456, 576, 545, 591], ['ROMIA', 733, 719, 836, 755], ['PASTA', 719, 749, 848, 793], ['MAKING', 699, 784, 867, 834], ['WORKSHOP', 700, 819, 868, 865], ['Dintisl', 726, 854, 768, 877], ['omal', 765, 855, 808, 885], ['AERS', 808, 864, 847, 888], ['DIGA', 692, 893, 730, 917], ['OCN', 766, 883, 817, 910], ['PDAA', 688, 889, 789, 944], ['HACV', 762, 895, 876, 953]]"
0_183.jpg,"[['DAL', 883, 329, 917, 350], ['AAI', 914, 329, 937, 348], ['NERIONA', 934, 328, 1003, 347], ['MPGDSO', 899, 349, 973, 367], ['FGGA', 25, 363, 72, 375], ['MEXIICO', 884, 463, 986, 488], ['MSR', 285, 575, 316, 596]]"
0_197.jpg,"[['AMES', 411, 218, 494, 236], ['FAVA', 605, 221, 621, 232], ['VMSS', 653, 219, 713, 234], ['CUBABA', 345, 350, 533, 400], ['COFFEE', 541, 351, 721, 394], ['PASTRIES', 360, 524, 555, 549], ['CAFEILAS', 571, 520, 712, 552], ['PARBT', 943, 505, 1023, 564], ['(&', 922, 533, 948, 567], ['QDH', 987, 563, 1024, 594], ['ORCISI', 816, 527, 937, 598], ['01', 944, 574, 966, 600], ['(1', 960, 570, 993, 597], ['ADAIN', 883, 579, 947, 614], ['AMAENALI', 818, 589, 891, 628], ['INS', 117, 598, 147, 610], ['RETIA', 146, 597, 180, 609], ['a1', 344, 606, 365, 624], ['MMI', 390, 606, 416, 622], ['HEA', 419, 607, 443, 620], ['Das', 268, 646, 297, 660]]"
0_168.jpg,"[['Health', 323, 140, 504, 231], ['Fair', 498, 169, 619, 249], ['Screeeenings', 307, 215, 643, 343], ['Progssing', 394, 319, 526, 384], ['Dresstions', 396, 378, 551, 445], ['Consivsitations', 393, 437, 586, 511], ['Or@', 677, 512, 716, 542], ['FREE', 335, 757, 454, 829], ['scrersinygs', 314, 796, 480, 884]]"
0_140.jpg,"[['HIBPEESS', 355, 675, 618, 714], ['TAMUN', 634, 674, 847, 717], ['TICKETS', 369, 762, 594, 808], ['Um', 676, 730, 847, 920], ['NURE,', 640, 928, 731, 961], ['11,008', 749, 928, 845, 961]]"
0_154.jpg,"[['DONATE', 329, 275, 522, 311], ['BLOOD', 537, 273, 703, 312], ['Donve', 331, 422, 437, 455], ['life', 638, 417, 699, 457], ['CT', 487, 771, 523, 786], ['CHARITY', 445, 933, 571, 962]]"
0_142.jpg,"[['ARTISAIN', 180, 113, 543, 216], ['BAKERY', 561, 119, 834, 205], ['DOASTI', 157, 344, 234, 363], ['opphr', 165, 329, 221, 348], ['205', 819, 385, 883, 407], ['FRESH', 811, 413, 924, 449], ['BREAD', 776, 450, 930, 486], [""DAILY'"", 778, 486, 941, 532], ['09', 114, 597, 146, 617], ['SH', 2, 721, 49, 769], ['SH', 1, 776, 54, 813], ['AEA', 3, 809, 65, 845], ['EAD)', 2, 838, 69, 872], ['AILY', 12, 871, 65, 904], ['MERATMMERP', 809, 909, 889, 923]]"
0_156.jpg,"[['FRMESE', 294, 92, 385, 143], ['HEAPE', 298, 153, 368, 193], ['22', 361, 142, 401, 180], ['GROUPES', 443, 44, 869, 229], ['LASS', 660, 175, 766, 234], ['aWHP', 788, 469, 827, 488], ['LET', 791, 485, 826, 496]]"
0_181.jpg,"[['994191', 101, 38, 158, 50], ['aal', 173, 37, 192, 49], ['Handcraftd', 193, 82, 643, 173], ['TREASURES', 237, 162, 628, 246]]"
0_195.jpg,"[['ARENEDN!', 544, 466, 655, 481], ['E.', 490, 584, 503, 594], ['ITALLAN', 874, 699, 961, 724], ['NTASTING', 855, 720, 977, 749], ['JMLLET', 886, 887, 963, 905], ['TASTING', 871, 897, 983, 937]]"
0_220.jpg,"[['ABIEE', 0, 37, 69, 88], ['SONDOR', 194, 90, 279, 137], ['UTH', 0, 113, 114, 196], ['AFRICAN', 112, 133, 298, 228], ['RAIFT', 0, 180, 141, 261], ['an', 0, 249, 27, 277], ['FART', 156, 207, 263, 276], ['BBAT', 19, 252, 68, 279], ['THOL', 75, 259, 113, 285], ['SJOIIL', 114, 264, 158, 288], ['TST', 0, 273, 47, 306], ['CTESIIY', 45, 280, 117, 310], ['MESL', 115, 288, 151, 314], ['TIE', 148, 291, 180, 317], ['SABIENBOIOTU', 169, 271, 268, 304], ['LIN', 258, 279, 284, 303], ['EEBIND', 176, 295, 228, 322], ['ACSITT', 226, 302, 276, 326]]"
0_208.jpg,"[['LIVACUBA', 412, 22, 792, 141], ['pasay', 514, 167, 866, 315], ['LIVE', 379, 440, 488, 493], ['CUBAN', 497, 436, 670, 479], ['MUSIC', 677, 437, 816, 493], ['CLAA', 498, 537, 544, 560], ['dapai', 546, 539, 612, 561]]"
0_209.jpg,"[['MAVISNE', 569, 97, 702, 162], ['EILS', 200, 74, 752, 328], ['2M', 513, 630, 568, 642], ['TATATN', 443, 647, 480, 659], ['mm', 461, 720, 503, 731]]"
0_221.jpg,"[['NID', 320, 70, 402, 125], ['NA', 435, 71, 507, 127], ['IHA', 499, 69, 573, 123], ['ano', 572, 71, 649, 120], ['tiso', 645, 65, 748, 124], ['VITE-ENÔ', 304, 125, 536, 193], ['PHO', 524, 125, 641, 191], ['CHALLLENGE', 375, 181, 660, 234], ['al', 752, 325, 785, 340], ['m5', 229, 363, 261, 380], ['MHN', 719, 638, 757, 659], ['Mdlf', 758, 637, 794, 658], ['PAO', 796, 638, 832, 659], ['mn', 708, 735, 731, 748], ['GI', 762, 729, 786, 747], ['MS', 819, 735, 841, 747], ['MAII', 757, 742, 794, 767], ['RW', 415, 663, 440, 676], ['VNO', 759, 819, 797, 840], ['Fh!', 685, 852, 716, 864], ['pn', 686, 862, 712, 872], ['WAE', 687, 911, 708, 923]]"
0_194.jpg,"[['UIBE', 1, 357, 56, 389], ['NORISHOP', 457, 336, 591, 406], ['DAUMNG', 372, 355, 469, 420], ['AFICAN', 314, 376, 385, 427], ['IIBATR', 330, 416, 374, 436], ['ARICADA', 597, 324, 763, 427], ['EDA', 7, 584, 79, 602], ['AMGNLIAMET', 346, 578, 429, 600], ['BMTARAONUTEMIDNANE', 433, 576, 539, 594], ['MRMTRRMDGRENIES', 348, 594, 433, 612], ['MAAANTEIE', 349, 607, 424, 626], ['AME', 421, 607, 455, 625], ['GAYR', 468, 603, 506, 622], ['PMIUAIE', 499, 602, 540, 621], ['EA', 541, 709, 563, 721]]"
0_180.jpg,"[['OCAL', 446, 119, 571, 152], ['HARDWARC', 419, 155, 588, 183], ['om', 425, 182, 491, 204], ['oo', 505, 182, 587, 204], ['WEEKEND', 395, 409, 618, 445], ['DY', 433, 458, 582, 506], ['WORKSHOP', 415, 514, 601, 536], ['Cop', 392, 578, 435, 598], ['ano', 392, 592, 434, 611], ['wus', 396, 614, 411, 623]]"
0_157.jpg,"[['PEr', 196, 78, 270, 109], ['AIDEN', 200, 109, 257, 136], ['CIVL', 623, 624, 675, 656], ['WARERA', 670, 624, 757, 662], ['TM', 223, 763, 282, 775], ['NEW', 154, 770, 207, 801], ['EXHIBIT', 207, 769, 283, 799], ['EXBIT', 284, 771, 339, 799], ['imimmEMEE', 221, 795, 283, 807]]"
0_143.jpg,"[['TOUS', 4, 393, 96, 434], ['67', 645, 526, 669, 542], ['GUIDED', 185, 661, 314, 726], ['TOURS', 313, 664, 421, 717], ['AVEIILABLE', 199, 823, 410, 887], ['wnn', 235, 905, 297, 935]]"
